GEOID,shap,lat,lon
36005000200,-0.000964,40.808245,-73.856723
36005000400,0.000914,40.808787,-73.851425
36005001600,-0.000112,40.818848,-73.858076
36005001901,0.000230,40.806788,-73.928046
36005001902,0.000270,40.803683,-73.915930
36005002001,-0.000339,40.817394,-73.867881
36005002002,0.000172,40.817637,-73.864425
36005002300,-0.000381,40.809082,-73.925844
36005002500,0.000353,40.807003,-73.920875
36005002701,-0.000469,40.805079,-73.916346
36005002702,0.000254,40.806450,-73.913773
36005002800,0.000578,40.822518,-73.878234
36005003100,0.000063,40.809899,-73.905690
36005003300,-0.000203,40.808242,-73.911944
36005003500,-0.000120,40.810965,-73.908670
36005003700,0.000057,40.811457,-73.912172
36005003800,-0.000039,40.820295,-73.863343
36005003900,-0.000071,40.809722,-73.921426
36005004001,0.000414,40.828272,-73.858335
36005004200,0.000067,40.823931,-73.862007
36005004300,0.000326,40.813621,-73.917038
36005004800,0.000017,40.827017,-73.874304
36005005001,0.000254,40.824997,-73.877853
36005005002,0.000419,40.827363,-73.878435
36005005100,0.000145,40.813206,-73.927568
36005005200,0.000159,40.825629,-73.882433
36005005300,-0.000473,40.852199,-73.921782
36005005400,0.000293,40.829898,-73.879715
36005005600,0.000196,40.832612,-73.879076
36005005902,0.000236,40.824106,-73.923437
36005006000,-0.000003,40.837636,-73.877771
36005006200,-0.000474,40.833288,-73.875519
36005006301,-0.000012,40.821280,-73.928879
36005006400,0.000203,40.833013,-73.872196
36005006700,0.000038,40.819502,-73.918177
36005006800,0.000149,40.828967,-73.870482
36005006900,0.000503,40.821867,-73.915757
36005007100,0.000098,40.818221,-73.912830
36005007200,-0.000063,40.831048,-73.860692
36005007300,0.000295,40.814675,-73.909389
36005007400,0.000637,40.819473,-73.852861
36005007500,0.000109,40.818777,-73.908624
36005007600,-0.000197,40.833375,-73.867656
36005007700,0.000133,40.819734,-73.904423
36005007900,0.000237,40.815792,-73.904871
36005008300,0.000318,40.813678,-73.901840
36005008400,-0.000270,40.815609,-73.847735
36005008700,0.000512,40.819672,-73.897285
36005008900,-0.000158,40.818567,-73.893906
36005009000,-0.001329,40.818131,-73.846243
36005009200,0.000391,40.832340,-73.852154
36005009301,0.000348,40.814350,-73.889112
36005009302,0.000533,40.803627,-73.883106
36005009800,0.000495,40.825451,-73.849505
36005011502,0.000151,40.820066,-73.886520
36005011701,-0.000087,40.814391,-73.883598
36005011800,-0.000219,40.809706,-73.800166
36005011900,-0.000253,40.823274,-73.889572
36005012101,0.000411,40.828276,-73.888894
36005012102,0.000123,40.826003,-73.887970
36005012300,0.000006,40.830115,-73.886008
36005012500,0.000239,40.828636,-73.893523
36005012701,-0.001391,40.825635,-73.892328
36005012901,0.000316,40.822629,-73.898734
36005013000,0.000177,40.819305,-73.814748
36005013100,-0.000255,40.825954,-73.897898
36005013200,-0.000206,40.815196,-73.817050
36005013300,-0.000501,40.822823,-73.903485
36005013500,0.000348,40.827133,-73.902096
36005013800,0.000465,40.819757,-73.806459
36005014100,-0.000137,40.823765,-73.912295
36005014400,-0.000902,40.821257,-73.823340
36005014500,-0.000226,40.831514,-73.907026
36005014702,-0.000700,40.836535,-73.904391
36005014900,-0.000042,40.832603,-73.901488
36005015100,0.000311,40.831084,-73.898481
36005015300,-0.000186,40.833481,-73.894143
36005015500,0.000331,40.835526,-73.889986
36005015700,0.000093,40.832999,-73.885450
36005015800,-0.000390,40.824867,-73.818618
36005015900,0.000454,40.822374,-73.893554
36005016000,0.000339,40.827668,-73.814862
36005016100,0.000031,40.836847,-73.885015
36005016200,0.000151,40.828850,-73.821759
36005016400,0.000087,40.832203,-73.824847
36005016500,0.000189,40.843109,-73.900277
36005016600,-0.000263,40.829528,-73.830183
36005016700,-0.000456,40.840481,-73.902171
36005016900,0.000218,40.837790,-73.902725
36005017300,0.000017,40.826296,-73.916523
36005017500,0.000193,40.830822,-73.913651
36005017701,-0.000139,40.833196,-73.911177
36005017702,0.000346,40.836178,-73.909550
36005017902,0.000221,40.837014,-73.913499
36005018101,0.000351,40.831607,-73.916111
36005018102,0.000209,40.832265,-73.918138
36005018301,0.000079,40.828637,-73.920813
36005018400,-0.000041,40.837416,-73.829281
36005018501,0.000539,40.827180,-73.909325
36005018502,0.000506,40.826312,-73.905978
36005018900,0.000367,40.831723,-73.930207
36005019300,0.000337,40.836347,-73.929323
36005019400,-0.000284,40.833522,-73.836070
36005019500,0.000116,40.830477,-73.922523
36005019700,0.000257,40.835205,-73.919978
36005019900,0.000368,40.836744,-73.925447
36005020000,0.000416,40.842835,-73.845516
36005020100,0.000496,40.842159,-73.926963
36005020200,0.000297,40.838491,-73.847579
36005020400,0.000328,40.840866,-73.850857
36005020501,0.000140,40.847413,-73.923656
36005020502,0.000100,40.851375,-73.919491
36005020601,-0.000575,40.836648,-73.850540
36005020900,0.000261,40.843070,-73.915017
36005021001,0.000292,40.840806,-73.858279
36005021002,0.000361,40.838479,-73.856516
36005021100,0.000247,40.840398,-73.923508
36005021200,0.000255,40.836127,-73.858964
36005021301,-0.000050,40.845544,-73.919823
36005021302,0.000292,40.843049,-73.920380
36005021502,0.000432,40.848044,-73.916710
36005021602,0.000387,40.837193,-73.862272
36005021700,0.000403,40.848182,-73.913308
36005021800,0.000234,40.837467,-73.869395
36005021900,0.000312,40.839645,-73.919622
36005022101,0.000030,40.838278,-73.918123
36005022102,0.000324,40.837659,-73.916096
36005022200,0.000384,40.835688,-73.855205
36005022300,0.000301,40.840525,-73.915088
36005022401,0.000023,40.855018,-73.868510
36005022403,0.000268,40.856476,-73.865431
36005022404,-0.000919,40.852745,-73.866301
36005022500,0.000347,40.840140,-73.910972
36005022701,0.000207,40.846804,-73.911060
36005022702,0.000009,40.844479,-73.913269
36005022703,-0.000413,40.844037,-73.910520
36005022902,-0.000144,40.843795,-73.907153
36005023000,0.000480,40.849287,-73.866015
36005023100,0.000261,40.846219,-73.902456
36005023200,0.000108,40.846975,-73.863316
36005023301,-0.000631,40.849561,-73.908754
36005023302,-0.000581,40.848185,-73.904729
36005023502,0.000089,40.851293,-73.903470
36005023600,0.000270,40.845091,-73.867258
36005023702,-0.000019,40.860644,-73.897319
36005023703,-0.000026,40.860043,-73.899571
36005023704,0.000134,40.856268,-73.901905
36005023800,0.000344,40.843708,-73.861094
36005023900,0.000192,40.858913,-73.902868
36005024000,-0.000143,40.841623,-73.868876
36005024100,0.000267,40.853147,-73.906186
36005024300,-0.000024,40.852428,-73.911535
36005024400,0.000133,40.846227,-73.857520
36005024501,0.000099,40.852879,-73.915462
36005024502,0.000072,40.855109,-73.913565
36005024600,0.000532,40.851610,-73.861156
36005024700,0.000067,40.855552,-73.918422
36005024800,0.000220,40.855341,-73.858410
36005025000,-0.000506,40.851706,-73.855701
36005025100,0.000136,40.856541,-73.907734
36005025200,0.000284,40.847132,-73.854966
36005025300,0.000165,40.861007,-73.904555
36005025400,0.000235,40.848498,-73.852477
36005025500,0.000332,40.860535,-73.908940
36005025600,-0.000321,40.844391,-73.850219
36005025700,0.000489,40.860315,-73.914095
36005026100,0.000423,40.866667,-73.905895
36005026300,-0.000078,40.864767,-73.904467
36005026400,0.000107,40.841781,-73.832089
36005026500,0.000196,40.866223,-73.900241
36005026601,-0.001092,40.847452,-73.834105
36005026602,0.000273,40.845973,-73.830620
36005026701,0.000137,40.869353,-73.901228
36005026900,-0.000213,40.865714,-73.909624
36005027300,0.000156,40.873898,-73.903229
36005027401,0.000096,40.840444,-73.822630
36005027402,-0.000213,40.844859,-73.817342
36005027700,0.000223,40.878397,-73.901468
36005027900,0.000082,40.882559,-73.897288
36005028100,-0.000144,40.883790,-73.890645
36005028300,0.000208,40.880636,-73.902571
36005028400,-0.000390,40.849436,-73.838690
36005028600,-0.002316,40.849185,-73.847775
36005028700,0.000276,40.882715,-73.904656
36005028800,0.000442,40.854292,-73.851472
36005028900,0.000326,40.879560,-73.907327
36005029301,0.000174,40.882923,-73.921666
36005029302,0.000331,40.879280,-73.915862
36005029500,-0.000073,40.884935,-73.908568
36005029600,-0.000412,40.855372,-73.845022
36005029700,0.000413,40.884931,-73.911838
36005030100,0.000594,40.883240,-73.917934
36005030201,0.000166,40.861921,-73.824499
36005030202,-0.000821,40.864709,-73.820367
36005030701,-0.000592,40.893151,-73.910574
36005030900,-0.001254,40.901779,-73.914011
36005031000,-0.000056,40.861245,-73.836015
36005031200,0.000234,40.862062,-73.842449
36005031400,0.001177,40.861537,-73.845533
36005031600,0.000164,40.861972,-73.848725
36005031800,0.000897,40.861955,-73.851568
36005031900,0.001265,40.913873,-73.911107
36005032300,0.000227,40.905342,-73.907580
36005032400,0.000321,40.861337,-73.859711
36005032800,0.000270,40.861736,-73.863130
36005033000,0.000123,40.861656,-73.866026
36005033201,0.000493,40.859476,-73.869232
36005033500,0.000247,40.890640,-73.907054
36005033601,0.000317,40.867568,-73.868886
36005033602,-0.000100,40.870582,-73.868884
36005033700,0.000252,40.906314,-73.902517
36005033802,0.000225,40.870549,-73.865744
36005034000,0.000324,40.868440,-73.862923
36005034200,-0.000893,40.868417,-73.860026
36005034300,-0.000669,40.909666,-73.898171
36005034400,-0.000270,40.868364,-73.857132
36005034500,-0.000184,40.904060,-73.898690
36005034800,0.000048,40.869447,-73.853071
36005035000,0.000439,40.868522,-73.848255
36005035600,0.000187,40.866958,-73.836000
36005035800,0.000856,40.873982,-73.842596
36005035900,0.000152,40.840209,-73.883385
36005036000,-0.000126,40.866841,-73.843118
36005036100,-0.000006,40.842260,-73.879576
36005036300,-0.000110,40.844544,-73.882758
36005036400,0.000085,40.873617,-73.849214
36005036501,-0.001115,40.845408,-73.885777
36005036502,0.000039,40.842388,-73.887826
36005036700,0.000006,40.840764,-73.889311
36005036800,0.000147,40.875307,-73.855942
36005036901,-0.000477,40.844357,-73.891883
36005036902,0.000570,40.842560,-73.892920
36005037100,0.000316,40.847220,-73.887378
36005037200,0.000200,40.873802,-73.863280
36005037300,0.000244,40.848673,-73.890141
36005037400,-0.000396,40.874538,-73.866671
36005037504,0.000307,40.850306,-73.892669
36005037600,0.000402,40.874539,-73.869205
36005037800,0.000402,40.879783,-73.866613
36005037900,0.000256,40.851574,-73.898778
36005038000,-0.000151,40.878088,-73.862417
36005038100,0.000195,40.852011,-73.901156
36005038200,-0.000165,40.877312,-73.854739
36005038301,-0.000216,40.857207,-73.898521
36005038303,0.000287,40.856837,-73.896164
36005038304,-0.001187,40.858133,-73.893732
36005038500,0.000233,40.856176,-73.892508
36005038600,-0.000045,40.879635,-73.848400
36005038800,-0.000404,40.879598,-73.855367
36005038900,0.000350,40.856400,-73.884998
36005039000,0.000425,40.881235,-73.860760
36005039100,0.000304,40.853120,-73.887123
36005039200,0.000147,40.883288,-73.864738
36005039300,-0.000059,40.852498,-73.883144
36005039400,0.000162,40.886479,-73.863399
36005039500,0.000022,40.848199,-73.896681
36005039600,0.000190,40.884424,-73.858956
36005039700,0.000311,40.861844,-73.885433
36005039800,0.000231,40.882697,-73.853470
36005039901,0.000382,40.863511,-73.893641
36005039902,0.000332,40.860424,-73.894765
36005040302,-0.000226,40.867846,-73.892197
36005040303,0.000192,40.869684,-73.893471
36005040304,-0.000292,40.867670,-73.895187
36005040400,0.000166,40.886169,-73.851349
36005040501,0.000151,40.867129,-73.890932
36005040502,0.000271,40.865878,-73.888961
36005040600,0.000301,40.887951,-73.857005
36005040701,0.000124,40.871579,-73.890260
36005040702,0.000283,40.869144,-73.886997
36005040800,0.000069,40.889743,-73.861707
36005040900,-0.000179,40.876857,-73.894420
36005041100,0.000142,40.875583,-73.887137
36005041300,0.000194,40.874095,-73.885197
36005041400,0.000305,40.903566,-73.854071
36005041500,-0.000139,40.870105,-73.883549
36005041800,-0.000010,40.897115,-73.858464
36005041900,0.000307,40.876856,-73.881684
36005042000,-0.000788,40.893026,-73.859856
36005042200,0.000390,40.891097,-73.855275
36005042400,0.000204,40.889283,-73.849539
36005042500,0.000427,40.871047,-73.879091
36005042600,0.000084,40.890841,-73.841929
36005042800,0.000332,40.894509,-73.845703
36005042901,0.000319,40.874950,-73.874292
36005043000,0.000607,40.893460,-73.850657
36005043102,0.000225,40.879421,-73.872302
36005043400,0.000624,40.898211,-73.852339
36005043501,-0.000078,40.886638,-73.866484
36005043600,-0.000469,40.897280,-73.849760
36005044200,0.000321,40.903871,-73.846206
36005044400,-0.000181,40.899501,-73.843734
36005044800,0.001110,40.895471,-73.841310
36005044901,0.000111,40.897500,-73.873394
36005044902,-0.000106,40.898826,-73.868989
36005045101,-0.000682,40.897455,-73.864314
36005045102,-0.001887,40.900368,-73.864148
36005045800,-0.000439,40.885861,-73.845203
36005046000,0.000258,40.882444,-73.842648
36005046203,0.000300,40.879018,-73.824658
36005046206,-0.002483,40.875449,-73.827846
36005046207,0.000325,40.877321,-73.831649
36005046208,0.000094,40.875021,-73.836967
36005048401,0.000179,40.886082,-73.833156
36005051601,-0.000153,40.843877,-73.786358
36047000100,0.000260,40.700215,-73.993809
36047000501,0.000085,40.695814,-73.994701
36047000502,0.000116,40.695134,-73.992861
36047000700,0.000400,40.692351,-73.997343
36047000900,-0.000733,40.691721,-73.991602
36047001300,-0.000043,40.697615,-73.988359
36047001501,-0.001219,40.695906,-73.982467
36047001502,0.000006,40.692321,-73.983585
36047001801,0.000374,40.665041,-74.000294
36047002000,0.000414,40.648041,-74.015928
36047002100,-0.000702,40.703447,-73.987102
36047002200,-0.000008,40.643459,-74.021693
36047002300,-0.000889,40.699562,-73.983280
36047002901,-0.000997,40.694993,-73.978096
36047003000,-0.000547,40.638879,-74.028977
36047003101,0.000396,40.691687,-73.979685
36047003300,0.000227,40.688511,-73.978106
36047003400,-0.000384,40.640418,-74.033439
36047003500,0.000024,40.685325,-73.976180
36047003700,-0.000288,40.689392,-73.984701
36047003800,-0.000083,40.634422,-74.035754
36047004100,-0.000260,40.686600,-73.985054
36047004300,0.000286,40.688203,-73.989599
36047004400,0.000584,40.631042,-74.037320
36047004500,0.000237,40.688146,-73.995287
36047004600,-0.000365,40.626993,-74.036321
36047004700,-0.000072,40.688366,-74.001866
36047004900,-0.000348,40.687999,-73.998436
36047005000,-0.000131,40.624230,-74.040757
36047005100,0.000374,40.683495,-74.003481
36047005201,0.000241,40.621609,-74.038210
36047005202,-0.000149,40.619991,-74.039920
36047005301,-0.000826,40.674787,-74.014816
36047005400,-0.000024,40.616787,-74.039473
36047005601,-0.000074,40.615004,-74.037641
36047005602,-0.000733,40.612738,-74.035739
36047005800,0.000085,40.619089,-74.032188
36047005900,-0.000512,40.679403,-74.006119
36047006000,-0.000193,40.622083,-74.031604
36047006300,-0.000951,40.681949,-74.001335
36047006400,0.000266,40.628925,-74.028809
36047006500,0.000337,40.679083,-73.999459
36047006600,0.000049,40.632131,-74.027498
36047006800,0.000120,40.635175,-74.026230
36047006902,0.000294,40.684553,-73.992088
36047007000,-0.000121,40.638197,-74.024298
36047007100,0.000095,40.683021,-73.986116
36047007200,-0.000239,40.640298,-74.020414
36047007400,0.000300,40.641855,-74.017029
36047007500,-0.000025,40.681295,-73.992016
36047007700,0.000173,40.677020,-73.995223
36047007800,0.000328,40.646320,-74.012337
36047008000,0.000484,40.648575,-74.010017
36047008400,0.000680,40.653898,-74.004486
36047008500,-0.000839,40.675857,-74.006472
36047008800,0.000160,40.650210,-74.001403
36047009001,-0.000113,40.647922,-73.998382
36047009002,0.000348,40.646586,-73.996208
36047009201,0.000032,40.645982,-74.000439
36047009202,0.000192,40.644652,-73.998238
36047009401,-0.000138,40.644022,-74.002481
36047009402,0.000292,40.642691,-74.000278
36047009600,-0.000209,40.646015,-74.005785
36047009800,0.000414,40.643776,-74.008115
36047010000,0.000011,40.641536,-74.010446
36047010100,0.000048,40.658391,-73.999825
36047010200,0.000365,40.639284,-74.012787
36047010402,0.000311,40.635959,-74.007280
36047010601,-0.000129,40.639540,-74.007142
36047010602,0.000418,40.638210,-74.004939
36047010801,0.000330,40.641781,-74.004812
36047010802,-0.000603,40.640451,-74.002610
36047011000,-0.000187,40.644579,-73.992774
36047011200,0.000586,40.642253,-73.995675
36047011400,0.000047,40.639423,-73.999212
36047011600,0.000225,40.635873,-74.003649
36047011700,0.000274,40.668563,-73.993311
36047011800,0.000263,40.635104,-74.011490
36047011901,-0.000075,40.677193,-73.987827
36047012000,-0.002356,40.632782,-74.011730
36047012100,-0.000661,40.671479,-73.991049
36047012200,0.000231,40.638166,-74.017577
36047012700,0.000297,40.681748,-73.982851
36047012801,0.000398,40.630801,-74.013303
36047012901,0.000334,40.681622,-73.978655
36047012902,-0.000021,40.680928,-73.976060
36047013000,0.000322,40.632587,-74.021384
36047013100,0.000302,40.677717,-73.979602
36047013200,0.000235,40.627974,-74.015671
36047013500,0.000141,40.672811,-73.983313
36047013600,-0.000231,40.626898,-74.022594
36047013700,0.000122,40.670397,-73.985327
36047013800,0.000100,40.624311,-74.025517
36047013900,0.000469,40.667986,-73.987336
36047014000,-0.000128,40.620778,-74.019678
36047014101,0.000408,40.666183,-73.988841
36047014102,0.000234,40.664813,-73.989832
36047014200,0.000329,40.622505,-74.022490
36047014300,0.000207,40.663627,-73.992656
36047014700,-0.002209,40.659856,-73.989672
36047014800,-0.000951,40.616708,-74.012961
36047014901,-0.000127,40.663886,-73.984088
36047014902,0.000291,40.661800,-73.985650
36047015000,0.000445,40.615378,-74.010759
36047015100,0.000598,40.665689,-73.982585
36047015200,-0.001309,40.614507,-74.024467
36047015300,-0.000368,40.668100,-73.980576
36047015500,0.000438,40.670514,-73.978561
36047015700,-0.000031,40.673052,-73.976416
36047015900,0.000148,40.675193,-73.973067
36047016100,-0.000235,40.679888,-73.973190
36047016200,0.000458,40.613224,-74.031384
36047016300,-0.000047,40.679184,-73.970005
36047016400,-0.003874,40.606761,-74.030115
36047016500,0.000554,40.669976,-73.974040
36047016600,-0.000961,40.618703,-74.016262
36047016700,-0.000276,40.664297,-73.978775
36047016800,0.000334,40.602965,-74.017266
36047016900,0.000461,40.659293,-73.981284
36047017100,0.000490,40.656964,-73.976862
36047017200,-0.000844,40.608882,-74.010346
36047017400,-0.002202,40.603512,-74.012107
36047017600,0.000185,40.601927,-74.008804
36047017800,0.000186,40.606969,-74.004723
36047017900,0.000609,40.684240,-73.971328
36047018100,-0.000007,40.687769,-73.972370
36047018300,0.000271,40.691376,-73.971478
36047018400,0.000348,40.613705,-74.007145
36047018501,-0.000395,40.694787,-73.974157
36047018600,0.001009,40.615644,-74.005106
36047018700,-0.001420,40.694658,-73.970640
36047018800,-0.000444,40.617478,-74.002740
36047019000,-0.000378,40.621038,-74.000386
36047019100,0.000279,40.695243,-73.964428
36047019200,-0.000481,40.628459,-73.998928
36047019300,-0.000537,40.691279,-73.962641
36047019400,-0.000006,40.625837,-74.001108
36047019600,-0.000952,40.623423,-74.004185
36047019700,-0.000232,40.688002,-73.966747
36047019800,0.000701,40.619359,-74.006618
36047019900,0.000308,40.684033,-73.966926
36047020000,-0.001263,40.620689,-74.008820
36047020100,0.000504,40.683848,-73.963387
36047020200,0.000254,40.622020,-74.011021
36047020300,-0.000102,40.679957,-73.964812
36047020400,0.000331,40.623350,-74.013224
36047020500,-0.000921,40.677475,-73.965704
36047020600,-0.000059,40.624881,-74.015451
36047020700,-0.000269,40.674955,-73.966612
36047021000,-0.000021,40.627626,-74.008156
36047021100,-0.000437,40.697086,-73.971926
36047021200,0.000250,40.629475,-74.005850
36047021300,0.000315,40.668355,-73.960467
36047021400,0.000432,40.631610,-74.003182
36047021500,0.000358,40.673375,-73.963290
36047021600,0.000276,40.632795,-73.999769
36047021700,0.000287,40.672766,-73.959026
36047021800,0.000501,40.634354,-73.997823
36047021900,0.000462,40.671974,-73.955259
36047022100,0.000281,40.676167,-73.954356
36047022200,0.000606,40.638239,-73.992964
36047022400,-0.000832,40.640516,-73.990312
36047022600,-0.000545,40.641984,-73.986347
36047022700,0.000382,40.681508,-73.957253
36047022800,0.000338,40.639124,-73.981530
36047022900,0.000276,40.685132,-73.956761
36047023200,-0.000225,40.636100,-73.986221
36047023300,0.000246,40.688796,-73.957490
36047023400,-0.000690,40.633871,-73.987941
36047023500,0.000475,40.692513,-73.957785
36047023600,0.001136,40.632191,-73.989688
36047023800,-0.000049,40.630511,-73.991438
36047024000,0.000654,40.628832,-73.993186
36047024100,-0.000014,40.692222,-73.953804
36047024200,0.000326,40.625868,-73.992810
36047024300,-0.000238,40.687455,-73.952856
36047024400,0.000542,40.621747,-73.986236
36047024500,0.000460,40.682881,-73.951901
36047024600,0.000213,40.618170,-73.981139
36047024700,0.000317,40.679443,-73.949270
36047024800,-0.000821,40.621363,-73.989993
36047024900,0.000322,40.682983,-73.948390
36047025000,-0.000337,40.623626,-73.995838
36047025100,-0.000059,40.687855,-73.949388
36047025200,-0.000462,40.619829,-73.992139
36047025300,0.000351,40.692622,-73.950337
36047025400,-0.000477,40.616697,-73.983845
36047025500,0.000145,40.697392,-73.951286
36047025600,0.000487,40.614995,-73.985666
36047025700,0.000039,40.698218,-73.947344
36047025800,-0.000439,40.613288,-73.987410
36047025901,0.000040,40.694967,-73.946224
36047025902,0.000034,40.696965,-73.945154
36047026000,0.000311,40.616917,-73.992346
36047026100,0.000103,40.692399,-73.945714
36047026300,-0.000502,40.689468,-73.945131
36047026400,-0.000048,40.614868,-73.997482
36047026500,0.000111,40.686904,-73.944621
36047026600,0.000001,40.612630,-73.990325
36047026700,0.000531,40.683973,-73.944038
36047026800,-0.000281,40.610449,-73.990362
36047026900,0.000063,40.681283,-73.943317
36047027000,0.000030,40.605861,-73.989985
36047027100,0.000280,40.678796,-73.936969
36047027200,-0.001282,40.608176,-73.992738
36047027300,-0.001286,40.681084,-73.937438
36047027400,-0.000581,40.610949,-73.995292
36047027500,0.000621,40.683898,-73.938179
36047027600,-0.001030,40.610896,-73.999489
36047027700,0.000056,40.686829,-73.938760
36047027800,-0.000880,40.606859,-74.001221
36047028000,-0.000808,40.601106,-74.007330
36047028100,0.000324,40.692689,-73.939929
36047028200,-0.000115,40.600250,-74.005440
36047028300,-0.000313,40.695256,-73.940438
36047028400,0.000192,40.605674,-73.998943
36047028501,0.000235,40.699427,-73.942091
36047028502,-0.000148,40.697451,-73.940885
36047028600,-0.000428,40.598772,-74.001927
36047028700,-0.000183,40.695635,-73.935428
36047028800,-0.001112,40.604511,-73.996562
36047028900,-0.000064,40.693051,-73.933004
36047029000,0.000193,40.603174,-73.994348
36047029100,0.000325,40.690427,-73.933541
36047029200,-0.000196,40.597246,-74.000713
36047029300,0.000069,40.687497,-73.932958
36047029500,0.000198,40.684566,-73.932376
36047029600,0.000236,40.600957,-73.993019
36047029700,0.000701,40.681273,-73.931618
36047029800,-0.001133,40.600823,-73.987908
36047030000,-0.000008,40.597403,-73.988744
36047030100,-0.000264,40.677622,-73.916228
36047030200,0.000057,40.595712,-73.990647
36047030300,-0.000545,40.675116,-73.917937
36047030400,-0.000084,40.590284,-73.996500
36047030500,0.000343,40.677316,-73.959060
36047030600,-0.000803,40.591156,-73.986133
36047030700,-0.000007,40.675583,-73.926220
36047030800,-0.000626,40.586551,-73.979511
36047030900,0.000338,40.676151,-73.933004
36047031100,-0.000471,40.676478,-73.938955
36047031300,0.000700,40.676571,-73.944303
36047031401,0.000243,40.587193,-73.996335
36047031500,0.000279,40.676913,-73.949924
36047031702,0.000568,40.671193,-73.950375
36047032100,0.000180,40.666869,-73.952183
36047032300,0.000370,40.666547,-73.955074
36047032500,-0.000763,40.667298,-73.957765
36047032600,-0.000333,40.576529,-73.988212
36047032800,0.000128,40.576367,-73.997685
36047032900,0.000409,40.663264,-73.948420
36047033000,-0.000494,40.580179,-73.999435
36047033100,0.000098,40.664158,-73.942007
36047033300,-0.000505,40.665837,-73.942526
36047033500,0.000303,40.667594,-73.942389
36047033701,-0.002170,40.669877,-73.942167
36047033702,0.000661,40.668928,-73.942196
36047033900,0.000318,40.671212,-73.942015
36047034000,-0.002179,40.572322,-73.996476
36047034100,-0.000067,40.673566,-73.944587
36047034200,-0.000475,40.574108,-73.996863
36047034300,-0.000575,40.673503,-73.938838
36047034500,0.000504,40.673228,-73.933693
36047034800,-0.000708,40.581212,-73.983363
36047034901,0.000319,40.670060,-73.929609
36047034902,-0.000737,40.666940,-73.929905
36047035000,-0.000244,40.577562,-73.978949
36047035101,-0.000008,40.670212,-73.932378
36047035102,0.000305,40.667091,-73.932674
36047035200,-0.000009,40.573212,-73.980725
36047035302,0.000784,40.667242,-73.935440
36047035500,0.000229,40.664405,-73.933472
36047035601,-0.000488,40.580879,-73.969703
36047035602,-0.000963,40.577830,-73.970204
36047035701,0.000371,40.669909,-73.926840
36047035900,-0.000156,40.670433,-73.923864
36047036001,0.000251,40.575790,-73.965559
36047036002,-0.000098,40.576362,-73.961238
36047036100,0.000224,40.669566,-73.919959
36047036200,-0.000048,40.578117,-73.964001
36047036300,0.000397,40.672176,-73.916993
36047036400,-0.000463,40.580161,-73.963864
36047036502,0.000494,40.674726,-73.907543
36047036600,-0.000672,40.582871,-73.963768
36047036700,0.000365,40.677565,-73.904613
36047036900,0.000202,40.679650,-73.909228
36047037000,-0.000579,40.587849,-73.963165
36047037100,0.000060,40.680287,-73.913839
36047037300,-0.000157,40.683949,-73.915215
36047037402,0.000281,40.586788,-73.972003
36047037500,-0.000135,40.687620,-73.921517
36047037700,0.000795,40.684088,-73.920187
36047037900,-0.000356,40.680499,-73.919366
36047038100,-0.000048,40.681048,-73.925426
36047038200,-0.000474,40.591525,-73.981481
36047038500,0.000486,40.687455,-73.926789
36047038600,-0.000593,40.592349,-73.975109
36047038700,0.000327,40.690539,-73.927750
36047038800,-0.000060,40.592925,-73.969252
36047038900,-0.000989,40.699438,-73.937235
36047039000,0.000803,40.592969,-73.964427
36047039100,-0.000634,40.699795,-73.933655
36047039200,-0.000169,40.595850,-73.963040
36047039300,0.000050,40.695628,-73.930004
36047039500,0.000564,40.692968,-73.924738
36047039600,0.000520,40.597350,-73.969707
36047039700,-0.000478,40.688949,-73.919140
36047039800,0.000277,40.595447,-73.975512
36047039900,0.000211,40.690236,-73.917553
36047040000,0.000382,40.597809,-73.976135
36047040100,0.000473,40.686459,-73.912740
36047040200,0.000182,40.596001,-73.982723
36047040300,0.000150,40.684523,-73.908209
36047040400,0.000182,40.602186,-73.985419
36047040500,0.000274,40.681589,-73.905176
36047040600,0.000759,40.600512,-73.982322
36047040800,-0.000308,40.601201,-73.979134
36047040900,-0.000435,40.691081,-73.904613
36047041000,-0.000707,40.600980,-73.975451
36047041100,-0.000022,40.687879,-73.907151
36047041200,0.000303,40.604157,-73.974192
36047041401,-0.000599,40.601706,-73.971065
36047041402,0.000234,40.602423,-73.967936
36047041500,0.000590,40.691950,-73.914390
36047041600,-0.000839,40.602411,-73.963486
36047041800,0.000637,40.605400,-73.964852
36047041900,0.000610,40.695323,-73.921033
36047042000,0.000021,40.609238,-73.964332
36047042100,-0.000577,40.697029,-73.924038
36047042200,-0.000057,40.606870,-73.969992
36047042300,0.000087,40.699002,-73.927288
36047042400,0.000002,40.606748,-73.976048
36047042500,0.000418,40.701448,-73.930959
36047042600,-0.000126,40.605675,-73.980189
36047042700,0.000160,40.703683,-73.927191
36047042800,-0.000537,40.605646,-73.984327
36047043000,0.000374,40.609249,-73.984202
36047043200,-0.000301,40.610681,-73.980685
36047043300,-0.000080,40.697522,-73.915939
36047043400,-0.000585,40.610042,-73.976928
36047043500,0.000189,40.695384,-73.912180
36047043600,-0.000066,40.613130,-73.977857
36047043700,-0.000153,40.693245,-73.908424
36047043800,-0.000055,40.610330,-73.971095
36047043900,-0.000476,40.697472,-73.909309
36047044000,0.000481,40.613039,-73.970977
36047044100,0.000068,40.701423,-73.914052
36047044300,0.000144,40.703304,-73.916686
36047044400,0.000436,40.615767,-73.969322
36047044500,-0.000561,40.705036,-73.919672
36047044700,-0.000298,40.706691,-73.922619
36047044800,-0.001560,40.618129,-73.973231
36047044901,0.000154,40.719774,-73.937967
36047045000,0.000244,40.621693,-73.972883
36047045200,-0.002646,40.620174,-73.968162
36047045300,-0.000111,40.706584,-73.928957
36047045400,0.000543,40.618683,-73.965002
36047045600,0.000481,40.626163,-73.966621
36047046000,0.000252,40.632163,-73.965733
36047046202,0.000272,40.624585,-73.974228
36047046400,-0.001436,40.624655,-73.978399
36047046800,0.000018,40.621496,-73.980653
36047047000,0.000446,40.625589,-73.986751
36047047200,-0.000605,40.627036,-73.984127
36047047600,0.000182,40.630569,-73.980581
36047047700,0.000308,40.718218,-73.942137
36047047800,-0.000087,40.633398,-73.978874
36047048000,-0.000074,40.630293,-73.974492
36047048100,-0.000281,40.713860,-73.938499
36047048200,-0.000101,40.633209,-73.969531
36047048400,0.000151,40.634286,-73.973627
36047048500,0.000069,40.707840,-73.936346
36047048600,0.000129,40.638919,-73.978425
36047048800,0.000199,40.640477,-73.976209
36047049000,-0.000091,40.638111,-73.973032
36047049200,0.000042,40.640900,-73.970211
36047049301,-0.000486,40.710001,-73.941933
36047049302,0.000298,40.706879,-73.941108
36047049400,0.000235,40.642966,-73.973825
36047049600,0.000247,40.643687,-73.980438
36047049700,0.000215,40.716217,-73.944594
36047049800,0.000210,40.645429,-73.982681
36047049900,0.000343,40.720909,-73.946883
36047050001,-0.001191,40.649003,-73.977821
36047050002,-0.000846,40.646596,-73.976497
36047050100,-0.000066,40.715735,-73.948920
36047050202,0.001038,40.653510,-73.975285
36047050300,-0.000106,40.712202,-73.947462
36047050401,-0.000120,40.649920,-73.973739
36047050402,-0.000434,40.646655,-73.973144
36047050500,0.000179,40.708052,-73.944945
36047050600,-0.000013,40.648978,-73.966858
36047050700,-0.000259,40.701410,-73.947008
36047050803,0.000016,40.653909,-73.960623
36047050804,0.000315,40.652835,-73.963573
36047050900,-0.000237,40.703277,-73.950565
36047051001,0.000429,40.646122,-73.959768
36047051002,-0.000659,40.648751,-73.960367
36047051100,-0.000308,40.707560,-73.948579
36047051200,-0.000572,40.646552,-73.963363
36047051300,0.000252,40.711791,-73.952163
36047051400,0.000339,40.642792,-73.961428
36047051500,0.000204,40.719128,-73.950530
36047051601,0.000206,40.638623,-73.956711
36047051602,-0.000002,40.641613,-73.958141
36047051800,0.000229,40.637991,-73.960795
36047051900,0.000414,40.715716,-73.955157
36047052000,0.000597,40.637445,-73.964187
36047052300,-0.000455,40.711663,-73.958807
36047052500,0.000344,40.708883,-73.959978
36047052600,0.000252,40.636470,-73.966678
36047052800,0.000235,40.630847,-73.962609
36047052900,0.000411,40.705872,-73.954506
36047053000,0.000290,40.627363,-73.963734
36047053101,-0.000966,40.701248,-73.955083
36047053200,0.000139,40.626219,-73.960255
36047053300,-0.002674,40.703767,-73.957360
36047053400,-0.000117,40.622583,-73.962830
36047053500,-0.000413,40.706144,-73.961220
36047053700,-0.000912,40.700298,-73.959954
36047053800,0.000277,40.618198,-73.956835
36047054200,-0.000100,40.612803,-73.960979
36047054400,0.000478,40.613220,-73.957190
36047054500,-0.000755,40.705238,-73.965286
36047054600,0.000174,40.613141,-73.953124
36047054700,0.000380,40.708526,-73.966594
36047054800,-0.000152,40.609253,-73.948377
36047054900,0.000519,40.711171,-73.965736
36047055000,0.000007,40.608734,-73.952317
36047055100,0.000358,40.713959,-73.964410
36047055200,-0.000302,40.608310,-73.956259
36047055300,-0.000077,40.716458,-73.959236
36047055400,0.000253,40.607870,-73.960072
36047055500,0.000251,40.718085,-73.963261
36047055600,0.000135,40.603161,-73.959406
36047055700,0.000135,40.721998,-73.959337
36047055800,-0.000236,40.603654,-73.955378
36047056000,-0.000159,40.604085,-73.951436
36047056100,-0.000791,40.726264,-73.956879
36047056200,-0.000599,40.604518,-73.947503
36047056301,0.000076,40.734058,-73.957213
36047056302,0.000071,40.736654,-73.958788
36047056400,0.000602,40.606916,-73.943374
36047056500,0.000185,40.730219,-73.957763
36047056600,0.000387,40.602852,-73.941404
36047056800,-0.000185,40.602672,-73.937819
36047056900,-0.000085,40.723766,-73.952367
36047057000,0.000274,40.599267,-73.936883
36047057100,0.000891,40.724784,-73.947619
36047057200,-0.000467,40.596369,-73.938216
36047057300,0.000527,40.728049,-73.948830
36047057400,0.000109,40.601150,-73.944339
36047057500,-0.000159,40.732105,-73.953231
36047057600,-0.000061,40.599873,-73.947571
36047057800,0.000362,40.599440,-73.951513
36047057901,0.000174,40.735170,-73.951176
36047058000,-0.000229,40.599007,-73.955454
36047058200,-0.000836,40.598540,-73.959262
36047058600,0.000042,40.594564,-73.954614
36047058800,0.000014,40.589622,-73.958548
36047058901,-0.000181,40.728371,-73.943554
36047059000,-0.000053,40.589991,-73.954687
36047059100,0.000224,40.723530,-73.942934
36047059200,0.000375,40.592338,-73.951451
36047059300,0.000424,40.725996,-73.938333
36047059402,-0.000140,40.594615,-73.943018
36047059403,0.000179,40.595271,-73.948190
36047059404,0.000068,40.590829,-73.947080
36047059600,0.000403,40.591097,-73.940057
36047059800,-0.001247,40.587896,-73.936227
36047060000,-0.000356,40.587074,-73.945692
36047060600,0.000137,40.586464,-73.956121
36047060800,0.000072,40.583949,-73.949096
36047061002,0.000307,40.575280,-73.955545
36047061003,-0.000701,40.581431,-73.958694
36047061004,0.000345,40.579874,-73.955765
36047061200,0.000400,40.580875,-73.949372
36047061600,0.000424,40.576720,-73.942878
36047062200,-0.000202,40.584993,-73.935582
36047062600,0.000481,40.592333,-73.934439
36047062800,0.000233,40.589588,-73.927330
36047063600,0.000405,40.609935,-73.936144
36047063800,0.000019,40.608074,-73.940300
36047064000,-0.000616,40.610997,-73.940246
36047064200,-0.000010,40.612197,-73.946394
36047064400,0.000816,40.613796,-73.942479
36047064800,0.000136,40.617690,-73.936460
36047065000,0.000451,40.619979,-73.933647
36047065200,0.000493,40.614762,-73.930073
36047065400,0.000039,40.612949,-73.931808
36047065800,0.000494,40.608083,-73.931201
36047066000,-0.002158,40.609047,-73.928080
36047067000,-0.001262,40.612725,-73.922764
36047067200,0.000084,40.618747,-73.927804
36047067400,-0.000067,40.619830,-73.930272
36047067600,0.000682,40.624995,-73.927201
36047067800,0.000321,40.626149,-73.922779
36047068000,0.000018,40.621376,-73.925188
36047068200,0.000177,40.616647,-73.924130
36047068600,0.000217,40.614823,-73.917282
36047069000,0.000336,40.619965,-73.920670
36047069200,-0.000161,40.623675,-73.920089
36047069601,0.000418,40.627170,-73.915368
36047069602,0.000049,40.622761,-73.909249
36047069800,0.000795,40.611250,-73.917085
36047070000,0.000280,40.620046,-73.906741
36047070201,-0.000340,40.608964,-73.908143
36047070601,0.001410,40.615985,-73.902545
36047072000,0.000727,40.628850,-73.920047
36047072200,-0.000511,40.632000,-73.924389
36047072400,0.000440,40.634106,-73.927056
36047072600,-0.000384,40.632414,-73.933876
36047072800,0.001014,40.629486,-73.927004
36047073000,-0.000906,40.626200,-73.929851
36047073200,-0.000651,40.627930,-73.933606
36047073400,-0.000324,40.627815,-73.937478
36047073600,0.000564,40.624036,-73.935799
36047073800,-0.000189,40.622410,-73.939077
36047074000,-0.000054,40.627394,-73.941257
36047074200,0.000244,40.626994,-73.944975
36047074400,0.000375,40.622329,-73.943117
36047074600,0.000139,40.618609,-73.942635
36047074800,-0.000206,40.621893,-73.946896
36047075000,-0.001580,40.626568,-73.948766
36047075600,0.000056,40.616856,-73.947989
36047075800,0.000349,40.616475,-73.951962
36047076000,-0.001344,40.621357,-73.954789
36047076200,-0.000124,40.625718,-73.956486
36047076600,-0.000949,40.633187,-73.956842
36047077200,0.000629,40.631609,-73.953177
36047077400,0.000074,40.631680,-73.947607
36047077600,-0.000043,40.630925,-73.941136
36047078400,0.000040,40.634262,-73.942956
36047078601,0.000766,40.634197,-73.947955
36047078602,-0.000172,40.634639,-73.946136
36047078801,0.000186,40.637423,-73.950308
36047078802,-0.000033,40.637528,-73.946694
36047079001,0.000099,40.641499,-73.955460
36047079002,0.000202,40.640721,-73.952827
36047079202,-0.000216,40.644914,-73.953401
36047079601,0.000304,40.656596,-73.958272
36047079801,-0.000195,40.660011,-73.958719
36047080000,-0.000034,40.660686,-73.953767
36047080200,0.000330,40.657640,-73.953441
36047080400,0.000388,40.658974,-73.948990
36047080600,0.000107,40.661659,-73.943861
36047080800,0.000276,40.657303,-73.939486
36047081000,0.000467,40.659113,-73.944549
36047081400,0.000496,40.653641,-73.940238
36047081600,-0.000935,40.653530,-73.944205
36047081800,0.000548,40.653092,-73.947975
36047082000,0.000290,40.653453,-73.951310
36047082600,0.000417,40.645065,-73.948973
36047083000,0.000164,40.640887,-73.945503
36047083200,0.000381,40.641524,-73.941624
36047083400,0.000132,40.641550,-73.938475
36047083600,-0.000104,40.637103,-73.935127
36047083800,0.000656,40.641756,-73.935135
36047084000,-0.000879,40.641994,-73.931292
36047084600,0.000547,40.642285,-73.927455
36047084800,0.000630,40.646427,-73.927861
36047085000,0.000386,40.645743,-73.932316
36047085400,0.000463,40.644346,-73.943876
36047085600,0.000301,40.648624,-73.944827
36047085800,0.000536,40.650160,-73.938996
36047086000,0.000387,40.649986,-73.932933
36047086200,-0.000635,40.650216,-73.928226
36047086400,0.000391,40.654339,-73.923847
36047086600,0.000174,40.656375,-73.926762
36047087000,-0.000341,40.654180,-73.933404
36047087200,-0.000002,40.653675,-73.936650
36047087401,-0.000011,40.660474,-73.938459
36047087600,-0.000034,40.660648,-73.935706
36047087800,0.000321,40.658847,-73.931034
36047088001,-0.000901,40.661984,-73.932935
36047088002,0.000345,40.661145,-73.929482
36047088200,0.000401,40.660494,-73.925982
36047088400,0.000223,40.662228,-73.924551
36047088600,-0.000196,40.657488,-73.920676
36047089000,-0.000829,40.656988,-73.915489
36047089200,0.000240,40.663282,-73.921923
36047089400,-0.000498,40.661504,-73.916485
36047089600,0.000189,40.658007,-73.912409
36047089800,-0.000288,40.662786,-73.913708
36047090000,-0.000083,40.666247,-73.919812
36047090200,-0.000446,40.667553,-73.915007
36047090600,0.000305,40.670130,-73.908860
36047090800,0.000582,40.671323,-73.904772
36047091000,0.000122,40.665751,-73.903407
36047091200,-0.001031,40.665129,-73.907635
36047091600,0.000244,40.659104,-73.909101
36047092000,0.000544,40.658564,-73.902988
36047092200,-0.000802,40.655241,-73.906350
36047092400,0.000202,40.666933,-73.911479
36047092800,0.000092,40.652479,-73.911773
36047093000,0.000661,40.649929,-73.915408
36047093200,-0.001795,40.637568,-73.929509
36047093400,0.000024,40.648925,-73.919015
36047093600,0.000175,40.648796,-73.921584
36047093800,0.000639,40.650447,-73.924558
36047094401,0.000267,40.638743,-73.922968
36047094402,-0.000925,40.635082,-73.920780
36047094600,-0.001144,40.644617,-73.923280
36047095600,-0.000659,40.635574,-73.910919
36047095800,0.000235,40.640822,-73.911686
36047096200,-0.000412,40.645027,-73.910517
36047096400,0.000716,40.641950,-73.907269
36047096600,0.000299,40.640640,-73.903142
36047096800,-0.000686,40.644142,-73.903877
36047097400,0.000186,40.646984,-73.899766
36047098200,-0.000062,40.650999,-73.894367
36047098600,0.000569,40.644937,-73.894320
36047098800,-0.000012,40.643002,-73.897315
36047099000,0.000354,40.639370,-73.898562
36047099200,-0.001501,40.637403,-73.901285
36047099600,0.000508,40.633444,-73.907788
36047099800,0.000505,40.629543,-73.909450
36047100400,0.000626,40.630649,-73.903800
36047100600,0.000613,40.632253,-73.900890
36047100800,0.000790,40.634133,-73.898066
36047101000,0.000637,40.636028,-73.894972
36047101200,0.000942,40.639727,-73.893668
36047101400,0.001497,40.641663,-73.890673
36047101800,0.000901,40.643853,-73.886645
36047102400,0.000271,40.632928,-73.893276
36047102600,-0.000188,40.629607,-73.898481
36047102801,0.000475,40.631175,-73.889756
36047103401,-0.000474,40.633524,-73.886227
36047105804,0.000036,40.645859,-73.883108
36047107001,0.000040,40.654217,-73.870718
36047109800,0.000376,40.652662,-73.901651
36047110400,0.000692,40.657402,-73.888786
36047110600,-0.001199,40.657314,-73.884298
36047111000,-0.000617,40.660567,-73.881362
36047111600,0.000674,40.663863,-73.875688
36047112000,0.000422,40.666627,-73.880520
36047112200,-0.000602,40.663728,-73.885922
36047112400,0.000084,40.666004,-73.887154
36047112600,0.000479,40.664899,-73.893112
36047112800,0.000372,40.661741,-73.892109
36047113000,-0.000307,40.662172,-73.896471
36047113200,0.000477,40.661288,-73.898888
36047113400,0.000052,40.667779,-73.899608
36047114201,0.000098,40.679002,-73.901028
36047114400,0.000382,40.672810,-73.898553
36047114600,0.000202,40.679207,-73.892342
36047115000,-0.000287,40.673922,-73.886522
36047115200,0.000295,40.673269,-73.890930
36047115600,-0.000256,40.668327,-73.895895
36047115800,0.000219,40.668881,-73.892162
36047116000,-0.000388,40.669419,-73.888531
36047116200,0.000569,40.669938,-73.885035
36047116400,0.000078,40.670510,-73.881182
36047116600,-0.000106,40.674563,-73.882205
36047116800,0.000318,40.678991,-73.882516
36047117000,0.000446,40.677600,-73.886181
36047117201,-0.000301,40.680812,-73.887515
36047117400,-0.000172,40.682858,-73.879786
36047117601,-0.000389,40.684780,-73.876879
36047117602,0.000058,40.686235,-73.874448
36047118201,0.000088,40.687908,-73.871898
36047118202,0.000133,40.688665,-73.869002
36047118400,-0.000022,40.684304,-73.869410
36047118600,0.000088,40.681466,-73.867781
36047119000,-0.000076,40.679060,-73.871631
36047119400,0.000028,40.672553,-73.877060
36047119600,0.000194,40.675896,-73.873163
36047119800,0.000316,40.676314,-73.894386
36047120000,0.000434,40.674877,-73.867272
36047120200,0.000409,40.676341,-73.864364
36047120801,0.000272,40.670974,-73.868452
36047120802,-0.000079,40.671538,-73.864747
36047120803,-0.000574,40.671665,-73.861258
36047121400,-0.000145,40.667494,-73.865179
36047122000,0.000239,40.663764,-73.862867
36047123700,-0.000791,40.696738,-73.956740
36047150200,0.000463,40.654641,-73.981278
36047152200,-0.000893,40.643974,-73.967184
36061000201,0.000274,40.709896,-73.985583
36061000202,-0.000049,40.705664,-73.981455
36061000600,0.000110,40.710258,-73.988056
36061000700,-0.000069,40.699551,-73.998769
36061000800,0.000267,40.710118,-73.993252
36061000900,-0.000318,40.695236,-74.001835
36061001001,0.000016,40.714369,-73.977585
36061001200,0.000130,40.715907,-73.982094
36061001300,-0.000664,40.709126,-74.012992
36061001401,0.000437,40.715160,-73.987331
36061001402,-0.000018,40.717513,-73.985881
36061001501,0.000335,40.707565,-74.001399
36061001600,0.000014,40.715957,-73.993266
36061001800,-0.000869,40.719046,-73.990841
36061002000,-0.000811,40.720630,-73.975026
36061002100,0.000176,40.714329,-74.010050
36061002201,-0.000781,40.719116,-73.981844
36061002202,0.000338,40.721260,-73.981141
36061002400,-0.001157,40.723244,-73.973021
36061002500,-0.000333,40.708990,-73.996236
36061002601,0.000310,40.722585,-73.979930
36061002602,-0.000029,40.724390,-73.978616
36061002700,0.000189,40.712551,-73.999012
36061002901,-0.000743,40.713367,-74.001880
36061003001,-0.000076,40.721006,-73.986839
36061003002,0.000135,40.722964,-73.985866
36061003100,-0.000699,40.715311,-74.003815
36061003300,-0.000541,40.718862,-74.006146
36061003400,-0.000256,40.729009,-73.981462
36061003601,0.000060,40.722322,-73.991140
36061003602,0.000253,40.724563,-73.990206
36061003700,-0.000064,40.726692,-74.009760
36061003800,0.000365,40.727367,-73.988466
36061003900,0.000212,40.720498,-74.012266
36061004001,-0.000342,40.730274,-73.984904
36061004002,0.000309,40.731244,-73.987210
36061004100,0.000281,40.719164,-73.996696
36061004200,0.000281,40.731800,-73.989367
36061004300,0.000211,40.723324,-73.995466
36061004400,0.000181,40.727842,-73.971576
36061004500,-0.000118,40.720570,-73.999391
36061004700,0.000013,40.722419,-74.002863
36061004900,0.000068,40.725061,-74.000480
36061005200,0.000339,40.737436,-73.990455
36061005400,-0.000067,40.738811,-73.993678
36061005501,-0.000071,40.727673,-73.997083
36061005502,0.000181,40.726223,-73.993872
36061005600,0.000391,40.741792,-73.987297
36061005700,0.000256,40.729416,-73.992391
36061005800,0.000042,40.743150,-73.990517
36061005900,-0.000185,40.731289,-73.994561
36061006000,0.000089,40.733815,-73.975595
36061006100,0.000323,40.733708,-73.992327
36061006200,0.000040,40.732930,-73.963175
36061006300,0.000315,40.734421,-73.996860
36061006400,0.000236,40.736949,-73.981457
36061006500,0.000064,40.729968,-73.999577
36061006600,0.000341,40.740071,-73.979232
36061006700,-0.000021,40.730451,-74.004120
36061006800,0.000202,40.740437,-73.984080
36061006900,0.000382,40.729429,-74.012505
36061007002,-0.000025,40.743675,-73.978128
36061007100,0.000138,40.735448,-73.999914
36061007200,0.000407,40.744866,-73.980858
36061007300,0.000038,40.734115,-74.004107
36061007400,0.000275,40.746214,-73.984083
36061007500,0.000036,40.733814,-74.009590
36061007700,-0.000025,40.738085,-74.003297
36061007800,0.000240,40.746324,-73.974673
36061008000,0.000313,40.749259,-73.977652
36061008100,0.000456,40.739805,-73.998772
36061008200,0.000132,40.750613,-73.980874
36061008300,0.000271,40.742198,-74.004453
36061008400,0.000325,40.751970,-73.984094
36061008601,-0.000245,40.746705,-73.970103
36061008603,-0.000616,40.754802,-73.963478
36061008700,0.000055,40.742244,-73.996996
36061008800,0.000256,40.749500,-73.972385
36061009000,0.000010,40.752659,-73.970094
36061009100,0.000176,40.744718,-73.995196
36061009200,0.000248,40.753648,-73.974742
36061009300,0.000206,40.747112,-74.000875
36061009500,0.000108,40.747236,-73.993358
36061009600,0.000070,40.756375,-73.980886
36061009700,-0.000017,40.749640,-73.999034
36061009800,0.000060,40.755788,-73.967774
36061009901,0.000259,40.748295,-74.008383
36061009902,-0.000252,40.752502,-74.006696
36061009903,0.000269,40.757720,-74.002432
36061010200,0.000277,40.759424,-73.974449
36061010300,0.000006,40.752135,-73.997217
36061010400,0.000322,40.760779,-73.977673
36061010602,-0.000443,40.760089,-73.958241
36061010801,0.000444,40.757979,-73.966173
36061010900,0.000231,40.752251,-73.989703
36061011000,0.000299,40.762147,-73.963139
36061011201,0.000109,40.763978,-73.975346
36061011203,-0.000378,40.761244,-73.968914
36061011401,0.000003,40.764840,-73.970494
36061011500,-0.000191,40.757168,-73.993549
36061011600,0.000185,40.762533,-73.955792
36061011700,-0.000064,40.760274,-74.001402
36061011800,0.000296,40.765275,-73.960855
36061011900,0.000356,40.757315,-73.986025
36061012000,0.000136,40.766926,-73.964767
36061012101,0.000113,40.759111,-73.990280
36061012102,0.000336,40.760307,-73.993120
36061012200,0.000207,40.768281,-73.967985
36061012500,0.000220,40.759841,-73.984175
36061012601,0.000316,40.767993,-73.957407
36061012602,0.000396,40.768966,-73.959709
36061012700,0.000212,40.762237,-73.989856
36061012800,0.000415,40.771381,-73.961517
36061012901,0.000216,40.763903,-74.001073
36061013100,0.000236,40.762346,-73.982354
36061013201,0.000102,40.768602,-73.950849
36061013203,0.000294,40.770890,-73.952274
36061013300,-0.000138,40.764738,-73.988035
36061013501,0.000304,40.768822,-73.997366
36061013502,-0.000871,40.771426,-73.995619
36061013601,0.000142,40.772016,-73.946241
36061013602,-0.000079,40.771869,-73.948545
36061013603,-0.000179,40.772841,-73.950848
36061013604,-0.000439,40.773956,-73.948496
36061013700,0.000260,40.765214,-73.980238
36061013800,-0.000242,40.774921,-73.953815
36061013900,0.000293,40.767292,-73.986171
36061014000,0.000340,40.775914,-73.958210
36061014200,-0.000142,40.777274,-73.961426
36061014402,-0.000778,40.776243,-73.945317
36061014500,0.000289,40.769821,-73.984273
36061014601,0.000158,40.777192,-73.952161
36061014602,-0.000171,40.778815,-73.950975
36061014700,0.000054,40.771329,-73.988804
36061014801,0.000270,40.778842,-73.956074
36061014802,-0.000094,40.781093,-73.954432
36061014900,-0.000303,40.772354,-73.982483
36061015001,-0.000298,40.780199,-73.959283
36061015002,0.000302,40.782450,-73.957648
36061015101,-0.000087,40.773840,-73.986971
36061015102,0.000072,40.774577,-73.992672
36061015200,0.000010,40.779233,-73.939056
36061015301,-0.000163,40.774259,-73.979241
36061015302,0.000292,40.775453,-73.982082
36061015402,-0.000212,40.781504,-73.947545
36061015403,0.000211,40.782476,-73.949850
36061015501,0.000220,40.776651,-73.984920
36061015502,-0.000680,40.778810,-73.989017
36061015601,0.000321,40.783569,-73.947502
36061015700,-0.000060,40.777417,-73.978790
36061015801,-0.000004,40.784278,-73.952104
36061015802,-0.000517,40.786524,-73.950465
36061015900,0.000295,40.780623,-73.987434
36061016001,0.000433,40.785635,-73.955322
36061016002,-0.000445,40.787879,-73.953685
36061016100,0.000040,40.779949,-73.977193
36061016200,0.000305,40.788038,-73.940552
36061016300,0.000076,40.783225,-73.985065
36061016400,-0.000115,40.787714,-73.944474
36061016500,0.000150,40.782358,-73.974999
36061016600,0.000267,40.789373,-73.948393
36061016700,0.000592,40.786148,-73.983879
36061016900,0.000336,40.785196,-73.973120
36061017000,0.000126,40.790903,-73.942147
36061017100,0.000379,40.788833,-73.982825
36061017200,-0.000318,40.793827,-73.945133
36061017300,0.000309,40.787771,-73.971236
36061017402,0.000244,40.796803,-73.947162
36061017500,0.000256,40.791523,-73.979888
36061017900,-0.000403,40.794426,-73.978946
36061018000,-0.000041,40.794402,-73.939595
36061018100,-0.000334,40.792556,-73.967746
36061018200,-0.000027,40.798321,-73.941851
36061018300,-0.000018,40.796786,-73.976927
36061018400,0.000224,40.799684,-73.945069
36061018500,0.000481,40.794500,-73.966364
36061018600,0.000169,40.799106,-73.949709
36061018700,0.000216,40.799423,-73.975411
36061018800,0.000233,40.797595,-73.937260
36061018900,0.000290,40.797328,-73.964251
36061019000,0.000262,40.801961,-73.947620
36061019200,-0.000464,40.798775,-73.929406
36061019300,0.000322,40.800505,-73.961956
36061019400,-0.000025,40.800465,-73.935186
36061019500,0.000313,40.804003,-73.970505
36061019600,0.000279,40.802805,-73.938576
36061019702,0.000517,40.802189,-73.957988
36061019900,0.000342,40.806543,-73.968777
36061020000,0.000027,40.805786,-73.945234
36061020101,0.000694,40.806435,-73.960205
36061020102,-0.000589,40.805051,-73.956633
36061020300,0.000084,40.808669,-73.961562
36061020500,-0.000715,40.810579,-73.965139
36061020701,0.000354,40.808977,-73.958460
36061020800,0.000210,40.809649,-73.942008
36061020901,-0.000636,40.811558,-73.955003
36061021000,0.000135,40.813496,-73.935148
36061021200,0.000379,40.813761,-73.939001
36061021303,0.000020,40.814559,-73.953139
36061021400,0.000312,40.817787,-73.936205
36061021703,0.000097,40.817935,-73.949756
36061021800,0.000117,40.803222,-73.952524
36061021900,0.000297,40.818570,-73.960323
36061022000,0.000388,40.805784,-73.950657
36061022102,0.000376,40.818654,-73.946186
36061022200,0.000237,40.808340,-73.948788
36061022301,0.000041,40.822168,-73.957827
36061022302,0.000222,40.820829,-73.958789
36061022400,0.000255,40.811122,-73.946960
36061022500,0.000231,40.825097,-73.957200
36061022600,0.000271,40.813430,-73.944812
36061022700,-0.000231,40.822966,-73.946462
36061022800,0.000567,40.815930,-73.943245
36061022900,0.000201,40.827008,-73.955448
36061023000,0.000125,40.818472,-73.941389
36061023100,0.000298,40.825830,-73.944093
36061023200,0.000289,40.821013,-73.939531
36061023400,0.000304,40.823731,-73.938670
36061023502,-0.000684,40.827888,-73.938928
36061023600,-0.000305,40.824974,-73.935460
36061023700,0.000224,40.830625,-73.948560
36061023802,-0.000765,40.770562,-73.942020
36061023803,-0.001349,40.761914,-73.948365
36061023900,-0.000358,40.832338,-73.941064
36061024000,-0.000954,40.788882,-73.921930
36061024100,0.000404,40.835146,-73.948011
36061024200,0.000242,40.805856,-73.933511
36061024301,0.000185,40.835972,-73.938760
36061024500,0.000141,40.836626,-73.942098
36061024700,0.000234,40.838568,-73.947373
36061024900,0.000159,40.839129,-73.936449
36061025100,0.000017,40.840326,-73.939923
36061025300,-0.000037,40.842895,-73.938379
36061025500,0.000236,40.845360,-73.944687
36061025700,0.000116,40.808436,-73.954074
36061025900,0.000277,40.823214,-73.942356
36061026100,0.000080,40.845785,-73.934455
36061026300,-0.000068,40.846823,-73.937475
36061026500,0.000098,40.849622,-73.940131
36061027100,0.000282,40.851944,-73.934294
36061027300,0.000177,40.853979,-73.937384
36061027500,0.000266,40.854836,-73.940540
36061027700,0.000221,40.855440,-73.927389
36061027900,0.000148,40.855858,-73.931627
36061028100,0.000475,40.857058,-73.934534
36061028300,0.000039,40.858910,-73.928725
36061028500,0.000361,40.861501,-73.928049
36061028700,0.000377,40.863557,-73.932479
36061029500,0.000202,40.867523,-73.924940
36061029900,0.000212,40.866522,-73.915265
36061030300,0.000172,40.869220,-73.918653
36061030700,-0.000081,40.871270,-73.916675
36061031703,-0.000259,40.716768,-74.015592
36061031704,0.000369,40.706569,-74.018144
36081000101,-0.000032,40.740715,-73.956984
36081000104,0.000089,40.740821,-73.944711
36081000200,-0.001231,40.693292,-73.866158
36081000400,-0.000854,40.689683,-73.864772
36081000600,-0.000080,40.685908,-73.863728
36081000701,-0.001117,40.742853,-73.952837
36081000702,0.000153,40.746417,-73.950281
36081000800,-0.000564,40.687347,-73.858259
36081001000,-0.001333,40.690749,-73.859299
36081001200,0.000062,40.694278,-73.860841
36081001400,-0.001358,40.695079,-73.855250
36081001600,-0.000554,40.689718,-73.854839
36081001901,0.000271,40.744686,-73.945136
36081001902,0.000220,40.748180,-73.940103
36081001903,0.000146,40.750604,-73.946822
36081002000,0.000452,40.691353,-73.849516
36081002200,0.000132,40.695978,-73.850571
36081002400,0.000141,40.697188,-73.846576
36081002500,-0.000885,40.754961,-73.945165
36081002600,-0.000375,40.697260,-73.843092
36081002800,-0.000206,40.692388,-73.844372
36081003000,-0.000210,40.691642,-73.847268
36081003100,0.000099,40.753176,-73.933904
36081003200,0.000410,40.687315,-73.846767
36081003301,0.000273,40.751420,-73.938927
36081003302,0.000324,40.755951,-73.937567
36081003600,-0.000141,40.683771,-73.856818
36081003800,0.000147,40.684800,-73.847494
36081003900,-0.000282,40.762799,-73.940932
36081004001,0.000354,40.683248,-73.845874
36081004200,0.000289,40.681815,-73.857964
36081004300,-0.000839,40.760945,-73.937514
36081004401,0.000035,40.677181,-73.859361
36081004500,0.000111,40.764533,-73.933766
36081004700,-0.000748,40.760288,-73.933158
36081005200,-0.000748,40.680759,-73.854664
36081005300,0.000486,40.760348,-73.929273
36081005400,-0.000317,40.678748,-73.848779
36081005500,0.000194,40.753795,-73.927789
36081005800,0.000129,40.673545,-73.848689
36081005900,0.000202,40.759701,-73.923926
36081006100,0.000157,40.762031,-73.922041
36081006201,0.000557,40.666796,-73.846786
36081006202,0.000214,40.664877,-73.854407
36081006300,0.000332,40.764485,-73.920024
36081006501,0.000198,40.768044,-73.917675
36081006502,0.000535,40.766795,-73.915119
36081006900,0.000083,40.771504,-73.922164
36081007100,0.000333,40.769085,-73.923048
36081007300,0.000081,40.766995,-73.925370
36081007500,0.000182,40.764544,-73.927330
36081007700,-0.000391,40.766733,-73.931733
36081007900,0.000201,40.769100,-73.929945
36081008100,-0.000271,40.770075,-73.933583
36081008300,0.000385,40.772620,-73.928696
36081008500,-0.000746,40.760022,-73.940722
36081008600,-0.001139,40.677092,-73.841142
36081009100,0.000240,40.775858,-73.929677
36081009500,0.000244,40.774465,-73.920797
36081009600,0.000050,40.680914,-73.832268
36081009700,-0.000015,40.776482,-73.918603
36081009800,0.000159,40.685400,-73.831208
36081010100,0.000272,40.778403,-73.916256
36081010200,-0.000688,40.678778,-73.822968
36081010300,0.000290,40.781060,-73.915077
36081010400,0.000599,40.682968,-73.826547
36081010500,0.000424,40.782791,-73.912948
36081010800,0.000197,40.688610,-73.830597
36081011000,0.000163,40.687314,-73.835014
36081011100,-0.001268,40.778795,-73.907313
36081011200,0.000048,40.684101,-73.839073
36081011400,-0.000124,40.687931,-73.841829
36081011500,-0.000786,40.774421,-73.913346
36081011800,-0.000809,40.690652,-73.833897
36081011900,0.000319,40.771205,-73.906064
36081012100,-0.001601,40.772759,-73.903514
36081012200,-0.000706,40.696497,-73.831067
36081012301,-0.000323,40.775787,-73.899085
36081012400,0.000844,40.695206,-73.834304
36081012500,-0.000595,40.770927,-73.915670
36081012601,0.000738,40.693654,-73.837412
36081012602,-0.000090,40.693170,-73.840705
36081012800,0.000145,40.698252,-73.840118
36081013000,-0.000050,40.700348,-73.837839
36081013200,0.000397,40.701294,-73.834389
36081013400,0.000154,40.705280,-73.834979
36081013500,0.000604,40.770649,-73.898977
36081013600,0.000315,40.706597,-73.828654
36081013700,-0.000385,40.768971,-73.904915
36081014000,0.000415,40.703726,-73.829048
36081014201,-0.000416,40.700973,-73.824642
36081014300,-0.000038,40.766300,-73.911511
36081014400,-0.000316,40.698497,-73.828496
36081014500,-0.000563,40.764281,-73.907508
36081014700,-0.000416,40.762998,-73.910752
36081014800,0.000857,40.694502,-73.822373
36081014900,0.000106,40.761854,-73.914444
36081015000,-0.000248,40.693406,-73.821155
36081015100,-0.000128,40.760167,-73.910844
36081015200,0.000466,40.693745,-73.813782
36081015400,-0.000873,40.692195,-73.820559
36081015500,0.000192,40.760035,-73.917596
36081015600,0.000079,40.690344,-73.820607
36081015700,0.000225,40.755015,-73.921926
36081015801,-0.000492,40.688883,-73.812332
36081015802,-0.000044,40.687545,-73.819636
36081015900,-0.000018,40.755787,-73.918342
36081016100,0.000312,40.755082,-73.914586
36081016300,-0.000801,40.756308,-73.909882
36081016400,-0.000936,40.685080,-73.816557
36081016600,-0.001719,40.681277,-73.820705
36081016800,-0.000494,40.679367,-73.817233
36081016900,0.000330,40.748273,-73.914359
36081017000,-0.000699,40.684314,-73.812002
36081017102,0.000313,40.751921,-73.919753
36081017200,0.000205,40.682333,-73.811401
36081017400,-0.000925,40.680579,-73.810552
36081017600,-0.002140,40.678825,-73.809714
36081017800,-0.000604,40.677091,-73.808761
36081017901,0.000140,40.744721,-73.925977
36081018000,-0.000738,40.675786,-73.805412
36081018102,0.000225,40.744292,-73.922270
36081018200,-0.000414,40.676157,-73.799157
36081018300,-0.000095,40.745341,-73.919669
36081018401,0.000437,40.675191,-73.792221
36081018402,0.000038,40.678948,-73.794361
36081018501,-0.000791,40.738710,-73.922431
36081018502,-0.000031,40.740555,-73.922065
36081018600,-0.000146,40.679878,-73.798957
36081018900,0.000305,40.740082,-73.927999
36081019000,0.000196,40.685386,-73.795222
36081019200,0.000423,40.683816,-73.800637
36081019400,-0.000585,40.685920,-73.803476
36081019600,-0.000363,40.689469,-73.799909
36081019800,-0.000041,40.691845,-73.802803
36081019901,0.000306,40.738647,-73.933603
36081020200,0.000511,40.689757,-73.807811
36081020400,0.000492,40.695170,-73.803415
36081020500,0.000110,40.730389,-73.921804
36081020600,-0.000642,40.694340,-73.809239
36081020800,0.000480,40.698385,-73.806876
36081021200,0.000163,40.700902,-73.811622
36081021400,-0.000027,40.706067,-73.815203
36081021601,0.000449,40.713084,-73.826547
36081021602,0.000464,40.704394,-73.819272
36081022001,0.000401,40.713624,-73.820648
36081022002,0.000209,40.713201,-73.814465
36081023000,-0.000121,40.712645,-73.808146
36081023200,0.000494,40.709589,-73.811281
36081023501,0.000225,40.737659,-73.918073
36081023502,0.000337,40.741336,-73.917032
36081023600,0.000468,40.707344,-73.804919
36081023800,-0.000351,40.705222,-73.809038
36081024000,0.000340,40.703277,-73.805079
36081024500,-0.000150,40.739354,-73.905049
36081024700,-0.000188,40.742278,-73.899450
36081024900,0.000342,40.743115,-73.904255
36081025302,-0.000886,40.744169,-73.913135
36081025401,0.000244,40.694717,-73.797596
36081025402,-0.000750,40.697967,-73.792334
36081025500,0.000205,40.750426,-73.907920
36081025700,-0.000558,40.750104,-73.905175
36081025800,0.000661,40.696042,-73.787279
36081025900,-0.000339,40.748578,-73.903526
36081026000,-0.000542,40.692752,-73.793308
36081026200,0.000381,40.691008,-73.792092
36081026300,-0.000149,40.745762,-73.897029
36081026400,0.000460,40.692232,-73.785790
36081026501,0.000170,40.745605,-73.892688
36081026600,0.000314,40.691881,-73.781695
36081026700,-0.000093,40.745328,-73.888032
36081026901,-0.000400,40.746874,-73.882211
36081026902,0.000415,40.744615,-73.882954
36081027000,0.000273,40.688684,-73.791398
36081027101,-0.000582,40.744173,-73.880268
36081027102,-0.000387,40.747121,-73.878051
36081027200,0.000409,40.683577,-73.791320
36081027301,-0.000258,40.750329,-73.872257
36081027302,-0.000057,40.753778,-73.873210
36081027400,-0.000009,40.684905,-73.788989
36081027500,-0.000090,40.752154,-73.875569
36081027600,0.000006,40.687588,-73.786240
36081027800,0.000084,40.686096,-73.782916
36081027900,0.000041,40.751673,-73.880222
36081028000,0.000377,40.688316,-73.779719
36081028100,0.000060,40.752220,-73.882592
36081028300,0.000336,40.751174,-73.884865
36081028400,0.000515,40.682503,-73.777857
36081028500,-0.000779,40.751466,-73.887116
36081028801,0.000270,40.678377,-73.789128
36081028802,0.000374,40.680450,-73.782591
36081028900,0.000095,40.751278,-73.891902
36081029100,0.000224,40.751336,-73.895199
36081029300,0.000238,40.751933,-73.899483
36081029400,0.000261,40.671324,-73.781065
36081029500,-0.000586,40.755998,-73.906731
36081029700,0.000059,40.758683,-73.903002
36081030600,-0.000066,40.664879,-73.780401
36081030903,0.000065,40.757948,-73.890065
36081030904,0.000641,40.763583,-73.891055
36081030905,-0.000953,40.760012,-73.896074
36081030906,-0.000093,40.756316,-73.896235
36081031700,-0.000075,40.770922,-73.893042
36081032000,-0.000525,40.661215,-73.765212
36081032700,-0.000593,40.758436,-73.885418
36081032800,0.000708,40.671837,-73.755698
36081032900,0.000205,40.764435,-73.882732
36081033000,0.000447,40.670135,-73.763736
36081033401,0.000704,40.679176,-73.767436
36081033403,-0.000196,40.677525,-73.775666
36081033404,-0.000321,40.674910,-73.772240
36081033405,-0.001287,40.673418,-73.767649
36081033700,-0.000111,40.758731,-73.882628
36081033900,0.000507,40.759024,-73.879838
36081034700,-0.000874,40.766885,-73.878677
36081035100,0.000468,40.759100,-73.877047
36081035300,0.000242,40.759612,-73.874125
36081035700,-0.000320,40.768015,-73.871240
36081035800,0.000253,40.675791,-73.750980
36081036100,0.000440,40.761283,-73.872416
36081036300,0.000673,40.759684,-73.869417
36081036500,-0.000643,40.759525,-73.865605
36081036700,0.000463,40.763223,-73.867940
36081036800,0.000514,40.685321,-73.766485
36081037100,-0.000241,40.764143,-73.863624
36081037300,-0.000662,40.759715,-73.859997
36081037501,-0.000659,40.746910,-73.867735
36081037502,-0.000261,40.753700,-73.871202
36081037600,0.000275,40.687812,-73.754119
36081037700,-0.000913,40.755661,-73.868713
36081037900,-0.000947,40.755474,-73.864084
36081038100,-0.000931,40.756128,-73.857671
36081038400,-0.000243,40.693342,-73.747639
36081039800,-0.000544,40.694562,-73.764810
36081039901,-0.000329,40.750759,-73.853342
36081040101,0.000004,40.749756,-73.856583
36081040102,0.000063,40.752682,-73.857460
36081040200,0.000020,40.700032,-73.768763
36081040301,0.000183,40.748896,-73.859514
36081040302,-0.000483,40.752050,-73.861163
36081040400,0.000227,40.705194,-73.770794
36081040501,-0.001618,40.748349,-73.862223
36081040502,-0.000441,40.751736,-73.863612
36081040701,-0.001018,40.748051,-73.864494
36081040901,-0.000052,40.747502,-73.866272
36081040902,0.000474,40.751540,-73.868738
36081041100,-0.000394,40.743791,-73.865419
36081041300,-0.000999,40.744736,-73.861308
36081041400,-0.000219,40.699632,-73.780771
36081041500,-0.000945,40.746605,-73.856599
36081042400,0.001080,40.695392,-73.772268
36081042600,-0.003112,40.688873,-73.770202
36081042700,-0.001398,40.743716,-73.853813
36081043200,0.000096,40.691311,-73.775884
36081043400,0.000205,40.696199,-73.778646
36081043701,-0.000172,40.739149,-73.851099
36081043702,0.000140,40.738111,-73.856550
36081043900,-0.000539,40.741869,-73.855812
36081044000,0.000212,40.702677,-73.784624
36081044301,0.000130,40.740737,-73.859460
36081044302,0.000143,40.739812,-73.864063
36081044400,-0.000106,40.705763,-73.781846
36081044602,-0.000063,40.708187,-73.799848
36081045000,0.000367,40.714221,-73.804787
36081045200,0.000272,40.714627,-73.799576
36081045400,0.000391,40.712650,-73.796012
36081045500,0.000348,40.736311,-73.862327
36081045700,-0.000306,40.737722,-73.869838
36081045800,0.000701,40.715263,-73.790926
36081045900,-0.001462,40.739877,-73.870681
36081046000,0.000018,40.708257,-73.793490
36081046200,0.000068,40.709855,-73.787975
36081046400,0.000305,40.716864,-73.786996
36081046700,0.000511,40.745456,-73.874585
36081046800,-0.000224,40.710494,-73.782279
36081046901,0.000144,40.743364,-73.878586
36081046902,0.000209,40.746980,-73.875820
36081047000,0.000357,40.711297,-73.777298
36081047100,-0.000041,40.740985,-73.876564
36081047200,0.000341,40.717626,-73.778943
36081047300,0.000019,40.737220,-73.876231
36081047500,0.000538,40.733637,-73.875651
36081047600,0.000822,40.722480,-73.771245
36081047801,0.000091,40.719796,-73.767126
36081047900,0.000540,40.735486,-73.883711
36081048000,0.000328,40.712889,-73.773004
36081048100,0.000327,40.742219,-73.885052
36081048200,0.000277,40.714835,-73.767923
36081048301,0.000101,40.742098,-73.889645
36081048302,0.000121,40.741469,-73.894685
36081048500,0.000216,40.739752,-73.884338
36081048900,-0.000230,40.737316,-73.892183
36081049201,0.000451,40.724394,-73.760077
36081049202,-0.003292,40.720799,-73.756052
36081049301,-0.000322,40.732371,-73.894250
36081049302,-0.000409,40.727905,-73.891794
36081049600,-0.000174,40.716950,-73.753122
36081049700,0.000342,40.731751,-73.890372
36081050000,0.000250,40.711945,-73.763616
36081050201,-0.000173,40.708802,-73.764904
36081050202,-0.000988,40.710189,-73.759293
36081050500,-0.000988,40.729080,-73.874752
36081050700,0.000220,40.727021,-73.881587
36081050800,0.000276,40.706984,-73.755422
36081051000,0.000772,40.709712,-73.753715
36081051200,0.000742,40.710410,-73.750119
36081051300,-0.000329,40.731890,-73.897514
36081051500,-0.001089,40.730976,-73.901498
36081051600,-0.000250,40.702723,-73.747273
36081051700,-0.000337,40.724628,-73.900294
36081051800,-0.000079,40.701838,-73.752009
36081052000,0.000053,40.701140,-73.754688
36081052100,0.000439,40.720865,-73.901516
36081052200,-0.000510,40.700445,-73.757368
36081052400,0.000647,40.701228,-73.761960
36081052500,-0.000891,40.718970,-73.906638
36081052600,0.000461,40.697095,-73.759763
36081052800,-0.000915,40.694035,-73.758730
36081053000,0.000722,40.696338,-73.752540
36081053100,-0.000586,40.723058,-73.908334
36081053200,0.000702,40.700102,-73.749092
36081053401,0.000026,40.699829,-73.744149
36081053501,-0.000235,40.716475,-73.912602
36081053601,-0.000398,40.706699,-73.745865
36081053800,0.000995,40.706479,-73.742530
36081053901,0.000104,40.710210,-73.917804
36081054000,-0.000930,40.712795,-73.743224
36081054200,0.000043,40.719074,-73.746490
36081054500,-0.000301,40.705548,-73.912621
36081054700,0.000335,40.703629,-73.909711
36081054800,-0.000570,40.723198,-73.751283
36081054900,0.000241,40.702191,-73.907813
36081055100,0.000070,40.701595,-73.903912
36081055200,-0.000310,40.727787,-73.749657
36081055300,-0.000318,40.698950,-73.906546
36081055400,0.000136,40.727790,-73.740159
36081055500,0.000113,40.697224,-73.903279
36081055600,0.000771,40.725551,-73.745003
36081055700,-0.000330,40.698689,-73.898315
36081055800,0.000825,40.722534,-73.741705
36081055900,-0.000577,40.694404,-73.901731
36081056000,0.000276,40.725435,-73.736563
36081056400,0.000592,40.721556,-73.733403
36081056500,-0.000698,40.694263,-73.896874
36081056600,0.000114,40.719739,-73.738403
36081056700,-0.000820,40.696866,-73.892183
36081056800,-0.000006,40.715571,-73.733575
36081057900,-0.000203,40.703492,-73.890044
36081058000,0.001237,40.707246,-73.730715
36081058100,-0.000880,40.703969,-73.893789
36081058200,-0.000153,40.706989,-73.737554
36081058300,-0.000071,40.701938,-73.897620
36081058500,0.000189,40.704371,-73.899420
36081058700,-0.000569,40.707144,-73.900278
36081058900,0.000031,40.706240,-73.905040
36081059000,-0.000349,40.701258,-73.736998
36081059100,0.000171,40.708112,-73.909781
36081059200,-0.001478,40.701235,-73.729732
36081059300,0.000384,40.710208,-73.902651
36081059400,-0.001827,40.698469,-73.731184
36081059501,-0.000458,40.711709,-73.907822
36081059502,-0.000149,40.715248,-73.908713
36081059600,0.000829,40.697137,-73.737056
36081059800,-0.000194,40.698295,-73.740667
36081059900,0.000465,40.717245,-73.902132
36081060000,-0.002111,40.695063,-73.733303
36081060100,-0.000904,40.715213,-73.902412
36081060300,-0.001694,40.713922,-73.899001
36081060600,-0.000462,40.691747,-73.735331
36081060800,0.001062,40.693604,-73.741314
36081061000,-0.001256,40.690178,-73.743250
36081061301,-0.000401,40.708965,-73.893185
36081061400,0.001403,40.686120,-73.729512
36081061602,-0.000328,40.677552,-73.729242
36081061900,-0.000790,40.709791,-73.877098
36081062100,-0.000273,40.710015,-73.872665
36081062200,0.000112,40.691950,-73.728880
36081062300,-0.000234,40.704381,-73.878185
36081062500,0.000129,40.704132,-73.882414
36081062600,0.000033,40.681974,-73.748102
36081062700,-0.000927,40.703772,-73.886454
36081062900,-0.000230,40.700931,-73.882963
36081063200,0.000207,40.676516,-73.740509
36081063302,0.000391,40.705394,-73.871405
36081063500,0.000062,40.704739,-73.866961
36081063800,0.000540,40.669845,-73.733048
36081063900,-0.000450,40.703895,-73.856927
36081064101,-0.002538,40.699206,-73.851739
36081064500,-0.000032,40.709122,-73.852250
36081064600,0.001185,40.672774,-73.742325
36081065401,0.000592,40.663028,-73.737550
36081065600,0.000281,40.659827,-73.729559
36081065702,-0.000155,40.713336,-73.882961
36081065703,-0.001088,40.715119,-73.875298
36081065900,0.000304,40.715545,-73.882481
36081066000,0.000184,40.658574,-73.733363
36081066100,-0.000520,40.717510,-73.881790
36081066301,0.000256,40.723453,-73.872728
36081066401,-0.002727,40.647178,-73.743050
36081066402,0.000052,40.656226,-73.737652
36081066403,-0.000190,40.651346,-73.733519
36081066501,0.000195,40.719346,-73.887358
36081066701,-0.000709,40.721822,-73.891336
36081066900,0.000242,40.723567,-73.885922
36081067700,0.000137,40.719111,-73.872431
36081067900,0.000190,40.724118,-73.870184
36081068000,0.000569,40.663710,-73.750076
36081068300,0.000249,40.734976,-73.869086
36081068700,0.000332,40.730311,-73.869296
36081069000,-0.000313,40.660347,-73.755414
36081069300,0.000231,40.728889,-73.863227
36081069400,-0.000575,40.655144,-73.749364
36081069500,0.000465,40.726056,-73.867508
36081069701,-0.000324,40.726877,-73.860205
36081070300,0.000518,40.716279,-73.859357
36081070700,0.000924,40.715071,-73.855566
36081070900,0.000385,40.719265,-73.855020
36081071100,-0.000450,40.722070,-73.852495
36081071303,0.000398,40.725810,-73.849540
36081071304,0.000190,40.728861,-73.854075
36081071305,0.000252,40.724186,-73.851477
36081071306,-0.000676,40.726162,-73.856047
36081071702,0.000159,40.733477,-73.862831
36081071900,-0.000274,40.734687,-73.855623
36081072100,-0.001239,40.731186,-73.853738
36081072300,-0.000132,40.716240,-73.847744
36081073100,0.000634,40.710953,-73.846332
36081073700,0.000282,40.718440,-73.843249
36081073900,0.000397,40.723693,-73.844272
36081074100,0.000068,40.728281,-73.847042
36081074900,0.000383,40.713250,-73.840075
36081075701,0.000513,40.718220,-73.834817
36081075702,0.000216,40.724337,-73.840199
36081076901,-0.000888,40.716457,-73.837569
36081076902,-0.000068,40.715034,-73.834033
36081077500,0.000555,40.709102,-73.832337
36081077902,-0.000276,40.725273,-73.824872
36081077903,0.000220,40.719218,-73.821594
36081077904,-0.000023,40.720965,-73.814165
36081077906,-0.000079,40.729397,-73.818762
36081077907,-0.000204,40.724962,-73.818480
36081077908,-0.000166,40.725617,-73.813693
36081078800,-0.000611,40.670331,-73.790364
36081079000,0.000338,40.672483,-73.796616
36081079200,-0.000456,40.668923,-73.796956
36081079701,-0.000242,40.753345,-73.824756
36081079702,-0.000267,40.751362,-73.829390
36081079900,-0.000384,40.746989,-73.827376
36081080301,-0.000091,40.744799,-73.830878
36081080302,0.000316,40.740364,-73.826219
36081080900,-0.000163,40.733871,-73.822345
36081081400,-0.000908,40.670702,-73.803934
36081081800,-0.001090,40.670513,-73.809080
36081083700,-0.001363,40.744754,-73.819785
36081083800,-0.000978,40.670295,-73.819510
36081084000,-0.000269,40.673949,-73.817653
36081084601,-0.001082,40.667342,-73.821781
36081084602,-0.000211,40.665128,-73.816621
36081084901,0.000102,40.753948,-73.834061
36081084902,0.000223,40.756262,-73.830826
36081085300,0.000209,40.757152,-73.827653
36081085500,0.000141,40.759642,-73.823635
36081085700,0.000560,40.757060,-73.823058
36081085900,0.000422,40.754987,-73.820797
36081086100,0.000314,40.756813,-73.817876
36081086400,-0.000105,40.673340,-73.831583
36081086500,0.000014,40.762687,-73.825172
36081086900,0.000219,40.765263,-73.833710
36081087100,0.000026,40.758947,-73.833256
36081088400,0.000264,40.655728,-73.833707
36081088903,-0.000814,40.775750,-73.826971
36081089201,0.000521,40.656432,-73.844950
36081090700,0.000212,40.773539,-73.838797
36081091603,-0.000579,40.564639,-73.910883
36081091900,-0.000048,40.776406,-73.848465
36081092200,0.000634,40.573250,-73.859803
36081092500,-0.000558,40.782482,-73.844768
36081092800,-0.000537,40.573180,-73.851817
36081092900,0.000146,40.789594,-73.853430
36081093401,-0.001177,40.581373,-73.846584
36081093402,0.000340,40.575630,-73.840286
36081093800,0.000137,40.579763,-73.829327
36081093900,-0.001638,40.793873,-73.842966
36081094201,-0.000257,40.585786,-73.821340
36081094202,-0.000775,40.591394,-73.810558
36081094203,0.000330,40.585066,-73.810170
36081094500,-0.000132,40.792754,-73.828878
36081094700,0.000163,40.785577,-73.841372
36081096400,0.001235,40.592551,-73.791843
36081097202,0.000121,40.591023,-73.780098
36081097206,-0.001664,40.597533,-73.775911
36081097300,0.001065,40.794967,-73.823537
36081098100,-0.000221,40.798260,-73.815849
36081098700,0.000386,40.795393,-73.806862
36081099100,0.000325,40.791965,-73.798877
36081099701,-0.000630,40.780910,-73.789904
36081099703,-0.000295,40.782975,-73.774705
36081099704,0.000020,40.781730,-73.780684
36081099705,0.000181,40.787455,-73.785978
36081099801,0.000258,40.598084,-73.757599
36081099802,-0.000405,40.593237,-73.759613
36081100801,0.001256,40.611341,-73.766101
36081100803,0.000069,40.603148,-73.757540
36081100804,0.000050,40.603191,-73.767221
36081101002,0.000369,40.598658,-73.741253
36081101003,-0.000754,40.601448,-73.750428
36081101004,0.000261,40.595845,-73.749007
36081101700,0.000628,40.779766,-73.798249
36081102900,0.001290,40.783871,-73.807365
36081103300,0.000195,40.779178,-73.809660
36081103900,-0.000186,40.784055,-73.819035
36081104700,0.000338,40.774816,-73.820371
36081108500,0.000459,40.772445,-73.789072
36081109300,-0.001025,40.775613,-73.770410
36081109700,0.001267,40.770347,-73.777313
36081109900,0.000446,40.767945,-73.786494
36081112300,0.000096,40.766292,-73.771245
36081112900,0.000448,40.765401,-73.776817
36081113300,-0.001857,40.764149,-73.783152
36081114700,0.000626,40.768268,-73.801955
36081115100,0.000646,40.769054,-73.807984
36081115700,0.000318,40.767573,-73.815169
36081115900,0.000264,40.768640,-73.820755
36081116100,-0.000205,40.766860,-73.825699
36081116301,-0.000048,40.764876,-73.820850
36081116700,-0.000395,40.762173,-73.812443
36081117100,0.000129,40.763256,-73.805712
36081117500,0.000396,40.761471,-73.796430
36081118100,0.000314,40.759500,-73.787359
36081118700,-0.000393,40.759632,-73.812880
36081118900,0.000130,40.756506,-73.812614
36081119100,-0.000658,40.756665,-73.806511
36081119300,0.000108,40.757185,-73.799627
36081119500,-0.001590,40.754867,-73.799471
36081120100,-0.000064,40.753212,-73.814059
36081120300,0.000726,40.748800,-73.812581
36081120500,0.000230,40.751274,-73.817109
36081120701,-0.000026,40.749717,-73.802259
36081121500,0.000597,40.740364,-73.805932
36081122300,-0.000000,40.734977,-73.799455
36081122702,-0.000386,40.733148,-73.812745
36081122704,-0.000352,40.730068,-73.807369
36081124100,0.000670,40.726799,-73.802415
36081124700,-0.000526,40.728089,-73.796245
36081126500,-0.001001,40.720494,-73.803706
36081126700,-0.001354,40.720328,-73.797782
36081127700,0.000602,40.724409,-73.783406
36081129102,0.000056,40.731638,-73.754382
36081129103,0.000353,40.736704,-73.759712
36081129104,0.000738,40.738095,-73.750069
36081130100,0.001222,40.733503,-73.739776
36081133300,0.000257,40.731919,-73.779273
36081134100,0.000677,40.735294,-73.791178
36081134701,-0.000309,40.737285,-73.784854
36081134702,-0.000551,40.738464,-73.778291
36081136700,0.000097,40.744204,-73.760311
36081137700,0.000412,40.747126,-73.750046
36081139900,-0.000604,40.749868,-73.762475
36081140300,-0.000675,40.748169,-73.769602
36081140901,0.000543,40.746541,-73.774901
36081140902,-0.002158,40.744909,-73.782154
36081141700,0.000169,40.744815,-73.791720
36081142900,0.000916,40.751065,-73.784523
36081143500,-0.001370,40.752912,-73.770282
36081144100,0.000804,40.755668,-73.763813
36081144700,-0.000416,40.756867,-73.772454
36081145101,0.000677,40.755138,-73.784696
36081145900,0.001155,40.754209,-73.791946
36081146300,-0.000390,40.759467,-73.781101
36081146700,0.000173,40.761203,-73.773214
36081147100,-0.000100,40.761471,-73.763435
36081147900,-0.000348,40.769577,-73.742286
36081150701,-0.000470,40.762201,-73.739702
36081150702,0.000898,40.766372,-73.730825
36081152902,0.000152,40.759314,-73.724016
36081155101,-0.004721,40.756643,-73.714240
36081155103,-0.000672,40.751880,-73.719601
36081157101,0.000584,40.738500,-73.719555
36081157901,0.000430,40.744719,-73.704611
36081161700,-0.001479,40.728822,-73.717611
36081162100,0.000328,40.728426,-73.729708
36085000300,-0.000611,40.643341,-74.075258
36085000600,0.000666,40.610408,-74.060977
36085000700,0.000183,40.647826,-74.080958
36085001100,-0.000459,40.638776,-74.082665
36085001700,0.000472,40.634408,-74.081230
36085001800,-0.003156,40.601424,-74.054086
36085002001,0.000782,40.606889,-74.070981
36085002002,0.000526,40.601474,-74.070295
36085002100,0.000271,40.631860,-74.075226
36085002700,0.000190,40.623587,-74.076427
36085002900,0.000394,40.619658,-74.082741
36085003300,-0.000493,40.625598,-74.086618
36085003600,-0.000907,40.611069,-74.075900
36085003900,0.000843,40.621188,-74.093350
36085004002,-0.000073,40.612912,-74.079421
36085004003,0.000265,40.614328,-74.083388
36085004004,0.000921,40.609291,-74.085272
36085004700,-0.000334,40.614200,-74.094735
36085005000,0.000586,40.604955,-74.086660
36085005901,-0.000460,40.624168,-74.101423
36085006400,0.000036,40.597243,-74.078503
36085006700,0.000274,40.635543,-74.101204
36085007001,0.000711,40.589953,-74.086832
36085007002,0.000443,40.586433,-74.080209
36085007400,0.000403,40.591546,-74.062937
36085007500,0.000698,40.633599,-74.090946
36085007700,0.000197,40.637866,-74.090268
36085008100,-0.000847,40.643046,-74.093790
36085009601,-0.000305,40.596928,-74.088602
36085009602,0.000388,40.590782,-74.095160
36085009701,-0.000834,40.642229,-74.112124
36085010500,-0.000140,40.633799,-74.111871
36085011201,-0.002478,40.576987,-74.086738
36085011203,0.000266,40.573768,-74.097390
36085011401,-0.000166,40.585744,-74.099098
36085011402,-0.000502,40.581193,-74.104952
36085012100,-0.001361,40.625879,-74.109644
36085012500,-0.000463,40.628678,-74.118847
36085012804,-0.000071,40.562614,-74.100803
36085012805,0.000447,40.552868,-74.115337
36085012806,0.000447,40.557671,-74.107671
36085013201,0.000027,40.564778,-74.122572
36085013203,0.000484,40.549056,-74.142304
36085013204,-0.000318,40.559421,-74.130242
36085013301,0.000534,40.635598,-74.118910
36085013302,0.000283,40.635888,-74.123500
36085013400,-0.000554,40.569884,-74.117447
36085014100,0.000278,40.628862,-74.126894
36085014604,0.000118,40.550038,-74.159755
36085014605,0.000358,40.558890,-74.149543
36085014606,0.000984,40.561263,-74.139899
36085014607,0.001127,40.556922,-74.164121
36085014608,-0.002440,40.558465,-74.156518
36085014700,-0.000594,40.618786,-74.112346
36085015100,0.000860,40.619530,-74.127594
36085015601,0.000815,40.542152,-74.154578
36085015602,-0.002049,40.536020,-74.161803
36085015603,-0.000938,40.531424,-74.155366
36085017005,-0.000268,40.538521,-74.181996
36085017009,0.000512,40.542931,-74.189587
36085017011,-0.000263,40.545638,-74.170230
36085017013,-0.001090,40.550583,-74.196961
36085017014,0.000401,40.548442,-74.194256
36085017015,-0.000077,40.551281,-74.182432
36085017016,0.000432,40.558700,-74.177610
36085017300,0.001012,40.605279,-74.118277
36085017600,-0.001188,40.525208,-74.171106
36085017701,0.000009,40.602855,-74.106791
36085017702,-0.001360,40.598176,-74.097294
36085018100,-0.000668,40.590300,-74.121865
36085018701,0.001107,40.610743,-74.127255
36085018704,0.000553,40.604377,-74.123742
36085018902,-0.000316,40.605083,-74.137980
36085019700,0.000339,40.616984,-74.135240
36085019800,0.000495,40.513572,-74.202126
36085020100,0.000504,40.624039,-74.134265
36085020701,-0.000779,40.639100,-74.138902
36085020702,0.000311,40.639424,-74.130352
36085020803,0.000195,40.532823,-74.210666
36085020804,0.000280,40.535804,-74.199532
36085020806,0.000069,40.549565,-74.205791
36085021300,0.000458,40.632616,-74.138903
36085022300,0.000569,40.636698,-74.149025
36085022601,0.000569,40.531346,-74.219857
36085022602,0.000211,40.539522,-74.230827
36085023100,0.000549,40.630124,-74.156321
36085023900,0.000176,40.629517,-74.149301
36085024401,0.000243,40.508673,-74.238618
36085024402,0.001096,40.499787,-74.238471
36085024700,0.000455,40.627515,-74.141762
36085024800,-0.000195,40.517403,-74.243356
36085025100,0.000731,40.618018,-74.146035
36085027301,0.000173,40.599683,-74.152143
36085027302,-0.000287,40.595528,-74.138718
36085027702,-0.000166,40.580105,-74.163658
36085027704,0.000942,40.585422,-74.151510
36085027705,-0.000082,40.588248,-74.156982
36085027706,0.000629,40.590937,-74.161902
36085027900,0.000486,40.573525,-74.157448
36085029102,-0.000607,40.611198,-74.190693
36085029104,0.000078,40.613723,-74.163503
36085029105,0.000535,40.607606,-74.174542
36085030301,0.000377,40.618920,-74.156120
36085030302,0.000876,40.623529,-74.158743
36085031901,-0.000117,40.630303,-74.163321
36085031902,0.000449,40.637921,-74.165570
36085032300,0.000595,40.636927,-74.176144
