Variable,N,Mean,SD,P10,Median,P90
Repeat complaining rate (12-month recurrence),179814,0.8722,0.1211,0.7159,0.9059,0.9861
Same-domain recurrence rate,179814,0.7575,0.1577,0.5400,0.7821,0.9417
Complaints per reporting address,179814,2.6075,4.2529,1.3750,2.0000,4.1667
Address concentration (HHI),179814,0.0786,0.0984,0.0241,0.0502,0.1462
"Complaints per 1,000 residents",179814,33.6834,53.3671,12.7411,27.6275,55.6362
"Disorder complaints per 1,000",179814,19.6514,48.5134,5.9679,14.8029,34.2062
"Physical disorder per 1,000",179814,4.4346,4.9014,0.9579,3.3807,8.6436
"Social disorder per 1,000",179814,15.2167,47.6200,3.5006,10.6616,27.7175
"Sanitation complaints per 1,000",179814,2.0584,3.0017,0.0000,0.9526,5.8027
"Infrastructure complaints per 1,000",179814,2.0663,3.7347,0.2454,1.3340,4.2469
"Housing complaints per 1,000",179814,6.3435,9.5273,0.3348,3.2269,15.9261
Median days to close,179813,0.9405,4.1024,0.0501,0.3667,2.1089
Share closed within 3 days,179813,0.7266,0.1261,0.5618,0.7361,0.8800
Share unresolved,179814,0.0384,0.0577,0.0000,0.0227,0.0870
Municipal responsiveness (z),179814,-0.0000,1.0000,-1.2937,0.1881,1.0736
% BA or higher,179814,39.1772,21.6302,14.5433,34.8303,75.4957
% unemployed,179612,8.1387,5.3576,2.4691,7.1680,14.8124
% vacant housing units,179288,8.5313,7.0105,1.7982,6.9645,17.1271
% owner-occupied,179288,37.2047,25.3535,5.3637,33.1911,74.6967
Population density (per km2),179814,20457.9314,13918.0997,6152.7999,17083.3671,39451.9239
Zillow Home Value Index (USD),172340,827413.0348,381422.5884,495195.0230,723847.5148,1268856.4623
"Violent complaints per 1,000",179814,0.8304,2.3365,0.0000,0.3737,2.1058
