src,n
311-service-requests-graffiti-removal,1050518
311-service-requests-pot-holes-reported,559867
311-service-requests-street-lights-one-out,489075
311-service-requests-garbage-carts,399736
311-service-requests-tree-trims,344414
311-service-requests-rodent-baiting,318996
311-service-requests-street-lights-all-out,295992
311-service-requests-abandoned-vehicles,241368
311-service-requests-alley-lights-out,217424
311-service-requests-tree-debris,163251
311-service-requests-sanitation-code-complaints,152480
311-service-requests-vacant-and-abandoned-buildings-reported,58451
