term,coef,se,z,p,model,y
disorder_l1_z,0.0160,0.0008,18.9311,0.0000,FE2_repeat,repeat_rate
t_2,0.0581,0.0054,10.7269,0.0000,FE2_repeat,repeat_rate
t_3,0.0904,0.0056,16.2515,0.0000,FE2_repeat,repeat_rate
t_4,0.1151,0.0059,19.5387,0.0000,FE2_repeat,repeat_rate
t_5,0.1489,0.0055,27.0485,0.0000,FE2_repeat,repeat_rate
t_6,0.1680,0.0058,29.2056,0.0000,FE2_repeat,repeat_rate
t_7,0.1897,0.0055,34.7436,0.0000,FE2_repeat,repeat_rate
t_8,0.2146,0.0057,37.4563,0.0000,FE2_repeat,repeat_rate
t_9,0.2388,0.0057,41.6565,0.0000,FE2_repeat,repeat_rate
t_10,0.2475,0.0062,40.0255,0.0000,FE2_repeat,repeat_rate
t_11,0.2542,0.0063,40.2046,0.0000,FE2_repeat,repeat_rate
t_12,0.2632,0.0063,42.1081,0.0000,FE2_repeat,repeat_rate
t_13,0.2546,0.0061,42.0612,0.0000,FE2_repeat,repeat_rate
t_14,0.2583,0.0056,45.9257,0.0000,FE2_repeat,repeat_rate
t_15,0.2422,0.0061,39.5254,0.0000,FE2_repeat,repeat_rate
t_16,0.2353,0.0059,40.0848,0.0000,FE2_repeat,repeat_rate
t_17,0.2386,0.0058,41.1088,0.0000,FE2_repeat,repeat_rate
t_18,0.2369,0.0057,41.8214,0.0000,FE2_repeat,repeat_rate
t_19,0.2357,0.0058,40.8356,0.0000,FE2_repeat,repeat_rate
t_20,0.2264,0.0060,37.4956,0.0000,FE2_repeat,repeat_rate
t_21,0.2152,0.0061,35.1794,0.0000,FE2_repeat,repeat_rate
t_22,0.2153,0.0064,33.8216,0.0000,FE2_repeat,repeat_rate
t_23,0.2157,0.0068,31.7552,0.0000,FE2_repeat,repeat_rate
t_24,0.2251,0.0060,37.2894,0.0000,FE2_repeat,repeat_rate
t_25,0.2060,0.0063,32.5686,0.0000,FE2_repeat,repeat_rate
t_26,0.1833,0.0062,29.4777,0.0000,FE2_repeat,repeat_rate
t_27,0.1759,0.0059,30.0419,0.0000,FE2_repeat,repeat_rate
t_28,0.1796,0.0061,29.5737,0.0000,FE2_repeat,repeat_rate
t_29,0.1726,0.0059,29.1263,0.0000,FE2_repeat,repeat_rate
t_30,0.1856,0.0058,32.1691,0.0000,FE2_repeat,repeat_rate
t_31,0.1707,0.0058,29.5273,0.0000,FE2_repeat,repeat_rate
t_32,0.1916,0.0059,32.5668,0.0000,FE2_repeat,repeat_rate
t_33,0.1850,0.0061,30.4474,0.0000,FE2_repeat,repeat_rate
t_34,0.1991,0.0063,31.7522,0.0000,FE2_repeat,repeat_rate
t_35,0.2182,0.0067,32.6953,0.0000,FE2_repeat,repeat_rate
t_36,0.2580,0.0061,42.0286,0.0000,FE2_repeat,repeat_rate
t_37,0.2623,0.0057,45.8870,0.0000,FE2_repeat,repeat_rate
t_38,0.2480,0.0056,44.3584,0.0000,FE2_repeat,repeat_rate
t_39,0.2241,0.0056,40.2670,0.0000,FE2_repeat,repeat_rate
t_40,0.2118,0.0057,37.4098,0.0000,FE2_repeat,repeat_rate
t_41,0.2025,0.0059,34.5592,0.0000,FE2_repeat,repeat_rate
t_42,0.2051,0.0058,35.2404,0.0000,FE2_repeat,repeat_rate
t_43,0.2013,0.0057,35.3454,0.0000,FE2_repeat,repeat_rate
t_44,0.2050,0.0060,34.0450,0.0000,FE2_repeat,repeat_rate
t_45,0.2055,0.0061,33.7233,0.0000,FE2_repeat,repeat_rate
t_46,0.2044,0.0064,31.8112,0.0000,FE2_repeat,repeat_rate
t_47,0.2195,0.0066,33.3578,0.0000,FE2_repeat,repeat_rate
t_48,0.2206,0.0063,35.1326,0.0000,FE2_repeat,repeat_rate
t_49,0.2231,0.0067,33.2334,0.0000,FE2_repeat,repeat_rate
t_50,0.2108,0.0061,34.5755,0.0000,FE2_repeat,repeat_rate
t_51,0.1985,0.0062,31.9250,0.0000,FE2_repeat,repeat_rate
t_52,0.2000,0.0059,34.1796,0.0000,FE2_repeat,repeat_rate
t_53,0.1870,0.0060,31.3744,0.0000,FE2_repeat,repeat_rate
t_54,0.1775,0.0060,29.5383,0.0000,FE2_repeat,repeat_rate
t_55,0.1820,0.0059,30.8840,0.0000,FE2_repeat,repeat_rate
t_56,0.1845,0.0059,31.2063,0.0000,FE2_repeat,repeat_rate
t_57,0.1818,0.0063,29.0773,0.0000,FE2_repeat,repeat_rate
t_58,0.1928,0.0063,30.8320,0.0000,FE2_repeat,repeat_rate
t_59,0.2042,0.0064,32.1195,0.0000,FE2_repeat,repeat_rate
t_60,0.1999,0.0064,31.2076,0.0000,FE2_repeat,repeat_rate
t_61,0.2048,0.0062,32.8701,0.0000,FE2_repeat,repeat_rate
t_62,0.1898,0.0060,31.7132,0.0000,FE2_repeat,repeat_rate
t_63,0.1839,0.0060,30.8451,0.0000,FE2_repeat,repeat_rate
t_64,0.1766,0.0058,30.4869,0.0000,FE2_repeat,repeat_rate
t_65,0.1768,0.0057,30.9352,0.0000,FE2_repeat,repeat_rate
t_66,0.1923,0.0059,32.3835,0.0000,FE2_repeat,repeat_rate
t_67,0.1838,0.0062,29.7812,0.0000,FE2_repeat,repeat_rate
t_68,0.1748,0.0059,29.5157,0.0000,FE2_repeat,repeat_rate
t_69,0.1902,0.0058,32.9628,0.0000,FE2_repeat,repeat_rate
t_70,0.1836,0.0063,28.9677,0.0000,FE2_repeat,repeat_rate
t_71,0.1896,0.0067,28.4861,0.0000,FE2_repeat,repeat_rate
t_72,0.2003,0.0064,31.0846,0.0000,FE2_repeat,repeat_rate
t_73,0.1907,0.0063,30.2917,0.0000,FE2_repeat,repeat_rate
t_74,0.1770,0.0061,28.8083,0.0000,FE2_repeat,repeat_rate
t_75,0.1761,0.0063,27.9605,0.0000,FE2_repeat,repeat_rate
t_76,0.1741,0.0061,28.6077,0.0000,FE2_repeat,repeat_rate
t_77,0.1596,0.0064,25.1150,0.0000,FE2_repeat,repeat_rate
t_78,0.1730,0.0062,28.0245,0.0000,FE2_repeat,repeat_rate
t_79,0.1598,0.0061,26.1373,0.0000,FE2_repeat,repeat_rate
t_80,0.1633,0.0061,26.9227,0.0000,FE2_repeat,repeat_rate
t_81,0.1900,0.0058,32.7988,0.0000,FE2_repeat,repeat_rate
t_82,0.1807,0.0059,30.8299,0.0000,FE2_repeat,repeat_rate
t_83,0.1831,0.0063,29.1583,0.0000,FE2_repeat,repeat_rate
t_84,0.1913,0.0065,29.6182,0.0000,FE2_repeat,repeat_rate
t_85,0.1984,0.0060,33.2253,0.0000,FE2_repeat,repeat_rate
t_86,0.1949,0.0064,30.3858,0.0000,FE2_repeat,repeat_rate
t_87,0.1692,0.0064,26.4837,0.0000,FE2_repeat,repeat_rate
t_88,0.1723,0.0062,27.8813,0.0000,FE2_repeat,repeat_rate
t_89,0.1618,0.0061,26.4776,0.0000,FE2_repeat,repeat_rate
t_90,0.1665,0.0058,28.5287,0.0000,FE2_repeat,repeat_rate
t_91,0.1604,0.0059,27.4024,0.0000,FE2_repeat,repeat_rate
t_92,0.1750,0.0060,29.0261,0.0000,FE2_repeat,repeat_rate
t_93,0.1711,0.0063,26.9599,0.0000,FE2_repeat,repeat_rate
t_94,0.1820,0.0064,28.5875,0.0000,FE2_repeat,repeat_rate
t_95,0.1769,0.0074,23.9801,0.0000,FE2_repeat,repeat_rate
t_96,-0.0229,0.0141,-1.6225,0.1047,FE2_repeat,repeat_rate
t_97,-0.0287,0.0140,-2.0510,0.0403,FE2_repeat,repeat_rate
t_98,-0.0458,0.0134,-3.4136,0.0006,FE2_repeat,repeat_rate
t_99,-0.0484,0.0135,-3.5784,0.0003,FE2_repeat,repeat_rate
t_100,-0.1020,0.0135,-7.5311,0.0000,FE2_repeat,repeat_rate
t_101,-0.0576,0.0130,-4.4359,0.0000,FE2_repeat,repeat_rate
t_102,-0.0812,0.0125,-6.5195,0.0000,FE2_repeat,repeat_rate
t_103,-0.0927,0.0127,-7.2888,0.0000,FE2_repeat,repeat_rate
t_104,-0.0710,0.0125,-5.6815,0.0000,FE2_repeat,repeat_rate
t_105,-0.1087,0.0134,-8.0881,0.0000,FE2_repeat,repeat_rate
t_106,-0.0946,0.0135,-7.0172,0.0000,FE2_repeat,repeat_rate
t_107,0.1138,0.0327,3.4778,0.0005,FE2_repeat,repeat_rate
disorder_l1_z,0.0157,0.0009,18.3632,0.0000,FE3_repeat,repeat_rate
resp_l1_z,0.0012,0.0008,1.5472,0.1218,FE3_repeat,repeat_rate
t_2,0.0586,0.0054,10.8123,0.0000,FE3_repeat,repeat_rate
t_3,0.0909,0.0056,16.3594,0.0000,FE3_repeat,repeat_rate
t_4,0.1157,0.0059,19.6625,0.0000,FE3_repeat,repeat_rate
t_5,0.1497,0.0055,27.1757,0.0000,FE3_repeat,repeat_rate
t_6,0.1689,0.0058,29.2118,0.0000,FE3_repeat,repeat_rate
t_7,0.1908,0.0054,35.1149,0.0000,FE3_repeat,repeat_rate
t_8,0.2154,0.0057,37.5912,0.0000,FE3_repeat,repeat_rate
t_9,0.2394,0.0057,41.6615,0.0000,FE3_repeat,repeat_rate
t_10,0.2478,0.0062,40.0305,0.0000,FE3_repeat,repeat_rate
t_11,0.2544,0.0063,40.2617,0.0000,FE3_repeat,repeat_rate
t_12,0.2634,0.0062,42.2032,0.0000,FE3_repeat,repeat_rate
t_13,0.2548,0.0061,42.1191,0.0000,FE3_repeat,repeat_rate
t_14,0.2583,0.0056,45.9375,0.0000,FE3_repeat,repeat_rate
t_15,0.2427,0.0061,39.6133,0.0000,FE3_repeat,repeat_rate
t_16,0.2357,0.0059,40.1118,0.0000,FE3_repeat,repeat_rate
t_17,0.2395,0.0058,41.3757,0.0000,FE3_repeat,repeat_rate
t_18,0.2379,0.0057,41.8707,0.0000,FE3_repeat,repeat_rate
t_19,0.2372,0.0058,40.7234,0.0000,FE3_repeat,repeat_rate
t_20,0.2278,0.0061,37.2612,0.0000,FE3_repeat,repeat_rate
t_21,0.2162,0.0061,35.3231,0.0000,FE3_repeat,repeat_rate
t_22,0.2161,0.0064,33.7044,0.0000,FE3_repeat,repeat_rate
t_23,0.2163,0.0068,31.8640,0.0000,FE3_repeat,repeat_rate
t_24,0.2254,0.0060,37.3376,0.0000,FE3_repeat,repeat_rate
t_25,0.2059,0.0063,32.5478,0.0000,FE3_repeat,repeat_rate
t_26,0.1832,0.0062,29.4441,0.0000,FE3_repeat,repeat_rate
t_27,0.1759,0.0059,30.0697,0.0000,FE3_repeat,repeat_rate
t_28,0.1800,0.0061,29.6217,0.0000,FE3_repeat,repeat_rate
t_29,0.1732,0.0059,29.1362,0.0000,FE3_repeat,repeat_rate
t_30,0.1863,0.0058,32.2216,0.0000,FE3_repeat,repeat_rate
t_31,0.1719,0.0058,29.4351,0.0000,FE3_repeat,repeat_rate
t_32,0.1926,0.0059,32.6075,0.0000,FE3_repeat,repeat_rate
t_33,0.1859,0.0061,30.5435,0.0000,FE3_repeat,repeat_rate
t_34,0.1994,0.0063,31.7884,0.0000,FE3_repeat,repeat_rate
t_35,0.2182,0.0067,32.6983,0.0000,FE3_repeat,repeat_rate
t_36,0.2576,0.0061,42.0540,0.0000,FE3_repeat,repeat_rate
t_37,0.2624,0.0057,45.9429,0.0000,FE3_repeat,repeat_rate
t_38,0.2488,0.0057,44.0157,0.0000,FE3_repeat,repeat_rate
t_39,0.2251,0.0056,39.8901,0.0000,FE3_repeat,repeat_rate
t_40,0.2128,0.0057,37.4873,0.0000,FE3_repeat,repeat_rate
t_41,0.2035,0.0059,34.6471,0.0000,FE3_repeat,repeat_rate
t_42,0.2058,0.0058,35.3088,0.0000,FE3_repeat,repeat_rate
t_43,0.2021,0.0057,35.5164,0.0000,FE3_repeat,repeat_rate
t_44,0.2055,0.0060,34.0958,0.0000,FE3_repeat,repeat_rate
t_45,0.2058,0.0061,33.8030,0.0000,FE3_repeat,repeat_rate
t_46,0.2044,0.0064,31.8220,0.0000,FE3_repeat,repeat_rate
t_47,0.2193,0.0066,33.3429,0.0000,FE3_repeat,repeat_rate
t_48,0.2203,0.0063,35.1168,0.0000,FE3_repeat,repeat_rate
t_49,0.2227,0.0067,33.1988,0.0000,FE3_repeat,repeat_rate
t_50,0.2100,0.0061,34.1619,0.0000,FE3_repeat,repeat_rate
t_51,0.1980,0.0062,31.8081,0.0000,FE3_repeat,repeat_rate
t_52,0.1997,0.0059,34.0952,0.0000,FE3_repeat,repeat_rate
t_53,0.1870,0.0060,31.3951,0.0000,FE3_repeat,repeat_rate
t_54,0.1777,0.0060,29.5988,0.0000,FE3_repeat,repeat_rate
t_55,0.1825,0.0059,30.9317,0.0000,FE3_repeat,repeat_rate
t_56,0.1849,0.0059,31.2635,0.0000,FE3_repeat,repeat_rate
t_57,0.1820,0.0062,29.1500,0.0000,FE3_repeat,repeat_rate
t_58,0.1930,0.0063,30.8394,0.0000,FE3_repeat,repeat_rate
t_59,0.2041,0.0064,32.1037,0.0000,FE3_repeat,repeat_rate
t_60,0.2000,0.0064,31.2299,0.0000,FE3_repeat,repeat_rate
t_61,0.2045,0.0062,32.7783,0.0000,FE3_repeat,repeat_rate
t_62,0.1894,0.0060,31.6392,0.0000,FE3_repeat,repeat_rate
t_63,0.1836,0.0060,30.8151,0.0000,FE3_repeat,repeat_rate
t_64,0.1768,0.0058,30.4937,0.0000,FE3_repeat,repeat_rate
t_65,0.1771,0.0057,30.9930,0.0000,FE3_repeat,repeat_rate
t_66,0.1928,0.0060,32.4004,0.0000,FE3_repeat,repeat_rate
t_67,0.1845,0.0062,29.8412,0.0000,FE3_repeat,repeat_rate
t_68,0.1753,0.0059,29.5559,0.0000,FE3_repeat,repeat_rate
t_69,0.1907,0.0058,33.0266,0.0000,FE3_repeat,repeat_rate
t_70,0.1838,0.0063,28.9916,0.0000,FE3_repeat,repeat_rate
t_71,0.1896,0.0067,28.4850,0.0000,FE3_repeat,repeat_rate
t_72,0.2000,0.0064,31.0458,0.0000,FE3_repeat,repeat_rate
t_73,0.1906,0.0063,30.2703,0.0000,FE3_repeat,repeat_rate
t_74,0.1767,0.0061,28.7835,0.0000,FE3_repeat,repeat_rate
t_75,0.1759,0.0063,27.9187,0.0000,FE3_repeat,repeat_rate
t_76,0.1741,0.0061,28.6197,0.0000,FE3_repeat,repeat_rate
t_77,0.1598,0.0064,25.1377,0.0000,FE3_repeat,repeat_rate
t_78,0.1731,0.0062,28.0349,0.0000,FE3_repeat,repeat_rate
t_79,0.1599,0.0061,26.1526,0.0000,FE3_repeat,repeat_rate
t_80,0.1632,0.0061,26.8901,0.0000,FE3_repeat,repeat_rate
t_81,0.1897,0.0058,32.6898,0.0000,FE3_repeat,repeat_rate
t_82,0.1804,0.0059,30.7178,0.0000,FE3_repeat,repeat_rate
t_83,0.1828,0.0063,29.1119,0.0000,FE3_repeat,repeat_rate
t_84,0.1910,0.0065,29.5234,0.0000,FE3_repeat,repeat_rate
t_85,0.1979,0.0060,33.0733,0.0000,FE3_repeat,repeat_rate
t_86,0.1945,0.0064,30.2272,0.0000,FE3_repeat,repeat_rate
t_87,0.1691,0.0064,26.4916,0.0000,FE3_repeat,repeat_rate
t_88,0.1718,0.0062,27.8126,0.0000,FE3_repeat,repeat_rate
t_89,0.1617,0.0061,26.4793,0.0000,FE3_repeat,repeat_rate
t_90,0.1667,0.0058,28.5632,0.0000,FE3_repeat,repeat_rate
t_91,0.1610,0.0059,27.4296,0.0000,FE3_repeat,repeat_rate
t_92,0.1754,0.0060,29.0744,0.0000,FE3_repeat,repeat_rate
t_93,0.1715,0.0063,27.0465,0.0000,FE3_repeat,repeat_rate
t_94,0.1823,0.0064,28.6811,0.0000,FE3_repeat,repeat_rate
t_95,0.1773,0.0074,24.0801,0.0000,FE3_repeat,repeat_rate
t_96,-0.0213,0.0142,-1.5006,0.1335,FE3_repeat,repeat_rate
t_97,-0.0275,0.0140,-1.9617,0.0498,FE3_repeat,repeat_rate
t_98,-0.0447,0.0135,-3.3187,0.0009,FE3_repeat,repeat_rate
t_99,-0.0473,0.0135,-3.5009,0.0005,FE3_repeat,repeat_rate
t_100,-0.1013,0.0135,-7.4790,0.0000,FE3_repeat,repeat_rate
t_101,-0.0568,0.0130,-4.3684,0.0000,FE3_repeat,repeat_rate
t_102,-0.0804,0.0124,-6.4598,0.0000,FE3_repeat,repeat_rate
t_103,-0.0920,0.0127,-7.2256,0.0000,FE3_repeat,repeat_rate
t_104,-0.0702,0.0125,-5.6119,0.0000,FE3_repeat,repeat_rate
t_105,-0.1082,0.0134,-8.0532,0.0000,FE3_repeat,repeat_rate
t_106,-0.0941,0.0135,-6.9814,0.0000,FE3_repeat,repeat_rate
t_107,0.1161,0.0328,3.5428,0.0004,FE3_repeat,repeat_rate
disorder_l1_z,0.0163,0.0009,18.4932,0.0000,FE4_repeat,repeat_rate
resp_l1_z,0.0010,0.0008,1.3154,0.1884,FE4_repeat,repeat_rate
inter,-0.0009,0.0006,-1.5111,0.1308,FE4_repeat,repeat_rate
t_2,0.0584,0.0054,10.7741,0.0000,FE4_repeat,repeat_rate
t_3,0.0905,0.0055,16.3480,0.0000,FE4_repeat,repeat_rate
t_4,0.1154,0.0059,19.5924,0.0000,FE4_repeat,repeat_rate
t_5,0.1494,0.0055,27.1435,0.0000,FE4_repeat,repeat_rate
t_6,0.1684,0.0058,29.1381,0.0000,FE4_repeat,repeat_rate
t_7,0.1902,0.0054,34.9155,0.0000,FE4_repeat,repeat_rate
t_8,0.2150,0.0057,37.6821,0.0000,FE4_repeat,repeat_rate
t_9,0.2392,0.0057,41.6874,0.0000,FE4_repeat,repeat_rate
t_10,0.2478,0.0062,40.0514,0.0000,FE4_repeat,repeat_rate
t_11,0.2545,0.0063,40.2313,0.0000,FE4_repeat,repeat_rate
t_12,0.2635,0.0062,42.2020,0.0000,FE4_repeat,repeat_rate
t_13,0.2547,0.0060,42.1270,0.0000,FE4_repeat,repeat_rate
t_14,0.2582,0.0056,45.9750,0.0000,FE4_repeat,repeat_rate
t_15,0.2423,0.0061,39.6142,0.0000,FE4_repeat,repeat_rate
t_16,0.2354,0.0059,40.1721,0.0000,FE4_repeat,repeat_rate
t_17,0.2390,0.0058,41.3932,0.0000,FE4_repeat,repeat_rate
t_18,0.2374,0.0057,41.9498,0.0000,FE4_repeat,repeat_rate
t_19,0.2362,0.0058,40.6369,0.0000,FE4_repeat,repeat_rate
t_20,0.2268,0.0061,37.1282,0.0000,FE4_repeat,repeat_rate
t_21,0.2158,0.0061,35.3659,0.0000,FE4_repeat,repeat_rate
t_22,0.2158,0.0064,33.6823,0.0000,FE4_repeat,repeat_rate
t_23,0.2162,0.0068,31.8689,0.0000,FE4_repeat,repeat_rate
t_24,0.2254,0.0060,37.3641,0.0000,FE4_repeat,repeat_rate
t_25,0.2057,0.0063,32.5346,0.0000,FE4_repeat,repeat_rate
t_26,0.1832,0.0062,29.4464,0.0000,FE4_repeat,repeat_rate
t_27,0.1759,0.0058,30.0818,0.0000,FE4_repeat,repeat_rate
t_28,0.1799,0.0061,29.6356,0.0000,FE4_repeat,repeat_rate
t_29,0.1731,0.0059,29.1638,0.0000,FE4_repeat,repeat_rate
t_30,0.1861,0.0058,32.2272,0.0000,FE4_repeat,repeat_rate
t_31,0.1711,0.0058,29.4610,0.0000,FE4_repeat,repeat_rate
t_32,0.1920,0.0059,32.5834,0.0000,FE4_repeat,repeat_rate
t_33,0.1854,0.0061,30.6000,0.0000,FE4_repeat,repeat_rate
t_34,0.1994,0.0063,31.7928,0.0000,FE4_repeat,repeat_rate
t_35,0.2183,0.0067,32.6967,0.0000,FE4_repeat,repeat_rate
t_36,0.2578,0.0061,42.0043,0.0000,FE4_repeat,repeat_rate
t_37,0.2625,0.0057,45.9412,0.0000,FE4_repeat,repeat_rate
t_38,0.2490,0.0057,43.9257,0.0000,FE4_repeat,repeat_rate
t_39,0.2251,0.0056,39.9050,0.0000,FE4_repeat,repeat_rate
t_40,0.2128,0.0057,37.5128,0.0000,FE4_repeat,repeat_rate
t_41,0.2034,0.0059,34.6616,0.0000,FE4_repeat,repeat_rate
t_42,0.2057,0.0058,35.3323,0.0000,FE4_repeat,repeat_rate
t_43,0.2018,0.0057,35.5120,0.0000,FE4_repeat,repeat_rate
t_44,0.2053,0.0060,34.1303,0.0000,FE4_repeat,repeat_rate
t_45,0.2058,0.0061,33.8099,0.0000,FE4_repeat,repeat_rate
t_46,0.2046,0.0064,31.8023,0.0000,FE4_repeat,repeat_rate
t_47,0.2195,0.0066,33.3288,0.0000,FE4_repeat,repeat_rate
t_48,0.2206,0.0063,35.0865,0.0000,FE4_repeat,repeat_rate
t_49,0.2229,0.0067,33.1927,0.0000,FE4_repeat,repeat_rate
t_50,0.2100,0.0061,34.1673,0.0000,FE4_repeat,repeat_rate
t_51,0.1982,0.0062,31.8091,0.0000,FE4_repeat,repeat_rate
t_52,0.1998,0.0059,34.1130,0.0000,FE4_repeat,repeat_rate
t_53,0.1871,0.0060,31.4057,0.0000,FE4_repeat,repeat_rate
t_54,0.1777,0.0060,29.6049,0.0000,FE4_repeat,repeat_rate
t_55,0.1824,0.0059,30.9431,0.0000,FE4_repeat,repeat_rate
t_56,0.1849,0.0059,31.2792,0.0000,FE4_repeat,repeat_rate
t_57,0.1820,0.0062,29.1573,0.0000,FE4_repeat,repeat_rate
t_58,0.1930,0.0063,30.8472,0.0000,FE4_repeat,repeat_rate
t_59,0.2043,0.0064,32.1135,0.0000,FE4_repeat,repeat_rate
t_60,0.2002,0.0064,31.2336,0.0000,FE4_repeat,repeat_rate
t_61,0.2047,0.0062,32.7659,0.0000,FE4_repeat,repeat_rate
t_62,0.1896,0.0060,31.6164,0.0000,FE4_repeat,repeat_rate
t_63,0.1837,0.0060,30.8146,0.0000,FE4_repeat,repeat_rate
t_64,0.1769,0.0058,30.4923,0.0000,FE4_repeat,repeat_rate
t_65,0.1772,0.0057,30.9959,0.0000,FE4_repeat,repeat_rate
t_66,0.1928,0.0059,32.4243,0.0000,FE4_repeat,repeat_rate
t_67,0.1844,0.0062,29.8226,0.0000,FE4_repeat,repeat_rate
t_68,0.1752,0.0059,29.5521,0.0000,FE4_repeat,repeat_rate
t_69,0.1906,0.0058,33.0415,0.0000,FE4_repeat,repeat_rate
t_70,0.1838,0.0063,28.9872,0.0000,FE4_repeat,repeat_rate
t_71,0.1897,0.0067,28.4791,0.0000,FE4_repeat,repeat_rate
t_72,0.2001,0.0065,31.0214,0.0000,FE4_repeat,repeat_rate
t_73,0.1907,0.0063,30.2741,0.0000,FE4_repeat,repeat_rate
t_74,0.1769,0.0061,28.7831,0.0000,FE4_repeat,repeat_rate
t_75,0.1761,0.0063,27.9069,0.0000,FE4_repeat,repeat_rate
t_76,0.1742,0.0061,28.6170,0.0000,FE4_repeat,repeat_rate
t_77,0.1599,0.0064,25.1313,0.0000,FE4_repeat,repeat_rate
t_78,0.1731,0.0062,28.0357,0.0000,FE4_repeat,repeat_rate
t_79,0.1598,0.0061,26.1572,0.0000,FE4_repeat,repeat_rate
t_80,0.1632,0.0061,26.8910,0.0000,FE4_repeat,repeat_rate
t_81,0.1900,0.0058,32.7481,0.0000,FE4_repeat,repeat_rate
t_82,0.1806,0.0059,30.7190,0.0000,FE4_repeat,repeat_rate
t_83,0.1830,0.0063,29.1058,0.0000,FE4_repeat,repeat_rate
t_84,0.1912,0.0065,29.4913,0.0000,FE4_repeat,repeat_rate
t_85,0.1982,0.0060,33.0372,0.0000,FE4_repeat,repeat_rate
t_86,0.1947,0.0064,30.2397,0.0000,FE4_repeat,repeat_rate
t_87,0.1693,0.0064,26.4875,0.0000,FE4_repeat,repeat_rate
t_88,0.1719,0.0062,27.8223,0.0000,FE4_repeat,repeat_rate
t_89,0.1620,0.0061,26.4954,0.0000,FE4_repeat,repeat_rate
t_90,0.1668,0.0058,28.5609,0.0000,FE4_repeat,repeat_rate
t_91,0.1610,0.0059,27.4417,0.0000,FE4_repeat,repeat_rate
t_92,0.1754,0.0060,29.0789,0.0000,FE4_repeat,repeat_rate
t_93,0.1714,0.0063,27.0469,0.0000,FE4_repeat,repeat_rate
t_94,0.1824,0.0064,28.6935,0.0000,FE4_repeat,repeat_rate
t_95,0.1775,0.0074,24.1162,0.0000,FE4_repeat,repeat_rate
t_96,-0.0207,0.0142,-1.4555,0.1455,FE4_repeat,repeat_rate
t_97,-0.0269,0.0140,-1.9162,0.0553,FE4_repeat,repeat_rate
t_98,-0.0441,0.0135,-3.2695,0.0011,FE4_repeat,repeat_rate
t_99,-0.0467,0.0135,-3.4510,0.0006,FE4_repeat,repeat_rate
t_100,-0.1007,0.0136,-7.4258,0.0000,FE4_repeat,repeat_rate
t_101,-0.0563,0.0130,-4.3220,0.0000,FE4_repeat,repeat_rate
t_102,-0.0799,0.0125,-6.4164,0.0000,FE4_repeat,repeat_rate
t_103,-0.0915,0.0128,-7.1757,0.0000,FE4_repeat,repeat_rate
t_104,-0.0697,0.0125,-5.5641,0.0000,FE4_repeat,repeat_rate
t_105,-0.1078,0.0134,-8.0198,0.0000,FE4_repeat,repeat_rate
t_106,-0.0937,0.0135,-6.9484,0.0000,FE4_repeat,repeat_rate
t_107,0.1172,0.0328,3.5701,0.0004,FE4_repeat,repeat_rate
disorder_l1_z,0.0170,0.0009,18.1929,0.0000,FE4_same_domain,same_domain_rate
resp_l1_z,0.0007,0.0008,0.8900,0.3735,FE4_same_domain,same_domain_rate
inter,-0.0002,0.0007,-0.2793,0.7800,FE4_same_domain,same_domain_rate
t_2,0.0437,0.0053,8.1696,0.0000,FE4_same_domain,same_domain_rate
t_3,0.0609,0.0055,11.0283,0.0000,FE4_same_domain,same_domain_rate
t_4,0.0748,0.0060,12.4940,0.0000,FE4_same_domain,same_domain_rate
t_5,0.1013,0.0057,17.7669,0.0000,FE4_same_domain,same_domain_rate
t_6,0.1038,0.0060,17.2223,0.0000,FE4_same_domain,same_domain_rate
t_7,0.1222,0.0057,21.4888,0.0000,FE4_same_domain,same_domain_rate
t_8,0.1466,0.0058,25.2787,0.0000,FE4_same_domain,same_domain_rate
t_9,0.1719,0.0059,28.9569,0.0000,FE4_same_domain,same_domain_rate
t_10,0.1829,0.0064,28.7211,0.0000,FE4_same_domain,same_domain_rate
t_11,0.1940,0.0064,30.1792,0.0000,FE4_same_domain,same_domain_rate
t_12,0.1989,0.0063,31.4796,0.0000,FE4_same_domain,same_domain_rate
t_13,0.1949,0.0062,31.3033,0.0000,FE4_same_domain,same_domain_rate
t_14,0.1869,0.0058,32.3265,0.0000,FE4_same_domain,same_domain_rate
t_15,0.1649,0.0063,26.0967,0.0000,FE4_same_domain,same_domain_rate
t_16,0.1548,0.0058,26.5389,0.0000,FE4_same_domain,same_domain_rate
t_17,0.1532,0.0060,25.7269,0.0000,FE4_same_domain,same_domain_rate
t_18,0.1437,0.0059,24.5234,0.0000,FE4_same_domain,same_domain_rate
t_19,0.1467,0.0061,23.9436,0.0000,FE4_same_domain,same_domain_rate
t_20,0.1434,0.0064,22.2505,0.0000,FE4_same_domain,same_domain_rate
t_21,0.1440,0.0062,23.3974,0.0000,FE4_same_domain,same_domain_rate
t_22,0.1419,0.0066,21.5027,0.0000,FE4_same_domain,same_domain_rate
t_23,0.1463,0.0070,20.9867,0.0000,FE4_same_domain,same_domain_rate
t_24,0.1631,0.0063,25.7541,0.0000,FE4_same_domain,same_domain_rate
t_25,0.1492,0.0064,23.2182,0.0000,FE4_same_domain,same_domain_rate
t_26,0.1212,0.0062,19.4281,0.0000,FE4_same_domain,same_domain_rate
t_27,0.1042,0.0056,18.4592,0.0000,FE4_same_domain,same_domain_rate
t_28,0.1065,0.0059,18.0760,0.0000,FE4_same_domain,same_domain_rate
t_29,0.0935,0.0061,15.3406,0.0000,FE4_same_domain,same_domain_rate
t_30,0.1011,0.0059,17.2493,0.0000,FE4_same_domain,same_domain_rate
t_31,0.0853,0.0061,13.8925,0.0000,FE4_same_domain,same_domain_rate
t_32,0.1133,0.0061,18.5851,0.0000,FE4_same_domain,same_domain_rate
t_33,0.1099,0.0063,17.3666,0.0000,FE4_same_domain,same_domain_rate
t_34,0.1294,0.0065,19.8203,0.0000,FE4_same_domain,same_domain_rate
t_35,0.1556,0.0068,22.9483,0.0000,FE4_same_domain,same_domain_rate
t_36,0.2063,0.0062,33.5318,0.0000,FE4_same_domain,same_domain_rate
t_37,0.2207,0.0060,36.7473,0.0000,FE4_same_domain,same_domain_rate
t_38,0.1940,0.0057,33.8046,0.0000,FE4_same_domain,same_domain_rate
t_39,0.1645,0.0056,29.2326,0.0000,FE4_same_domain,same_domain_rate
t_40,0.1467,0.0059,24.9209,0.0000,FE4_same_domain,same_domain_rate
t_41,0.1325,0.0059,22.4407,0.0000,FE4_same_domain,same_domain_rate
t_42,0.1207,0.0059,20.4341,0.0000,FE4_same_domain,same_domain_rate
t_43,0.1197,0.0058,20.7026,0.0000,FE4_same_domain,same_domain_rate
t_44,0.1270,0.0062,20.4657,0.0000,FE4_same_domain,same_domain_rate
t_45,0.1295,0.0064,20.2652,0.0000,FE4_same_domain,same_domain_rate
t_46,0.1386,0.0066,21.1300,0.0000,FE4_same_domain,same_domain_rate
t_47,0.1448,0.0069,21.1201,0.0000,FE4_same_domain,same_domain_rate
t_48,0.1568,0.0066,23.7060,0.0000,FE4_same_domain,same_domain_rate
t_49,0.1564,0.0069,22.5448,0.0000,FE4_same_domain,same_domain_rate
t_50,0.1401,0.0062,22.6034,0.0000,FE4_same_domain,same_domain_rate
t_51,0.1243,0.0062,19.9236,0.0000,FE4_same_domain,same_domain_rate
t_52,0.1262,0.0060,21.1451,0.0000,FE4_same_domain,same_domain_rate
t_53,0.1077,0.0063,17.2136,0.0000,FE4_same_domain,same_domain_rate
t_54,0.1003,0.0060,16.5902,0.0000,FE4_same_domain,same_domain_rate
t_55,0.1039,0.0059,17.5392,0.0000,FE4_same_domain,same_domain_rate
t_56,0.1128,0.0060,18.7057,0.0000,FE4_same_domain,same_domain_rate
t_57,0.1074,0.0064,16.7724,0.0000,FE4_same_domain,same_domain_rate
t_58,0.1273,0.0065,19.4772,0.0000,FE4_same_domain,same_domain_rate
t_59,0.1384,0.0065,21.2414,0.0000,FE4_same_domain,same_domain_rate
t_60,0.1354,0.0065,20.9730,0.0000,FE4_same_domain,same_domain_rate
t_61,0.1378,0.0063,21.7464,0.0000,FE4_same_domain,same_domain_rate
t_62,0.1170,0.0062,19.0156,0.0000,FE4_same_domain,same_domain_rate
t_63,0.1049,0.0062,16.8999,0.0000,FE4_same_domain,same_domain_rate
t_64,0.0930,0.0061,15.3252,0.0000,FE4_same_domain,same_domain_rate
t_65,0.0922,0.0059,15.6949,0.0000,FE4_same_domain,same_domain_rate
t_66,0.1066,0.0063,17.0489,0.0000,FE4_same_domain,same_domain_rate
t_67,0.1027,0.0063,16.3015,0.0000,FE4_same_domain,same_domain_rate
t_68,0.0923,0.0059,15.5233,0.0000,FE4_same_domain,same_domain_rate
t_69,0.1051,0.0059,17.8616,0.0000,FE4_same_domain,same_domain_rate
t_70,0.1068,0.0064,16.6572,0.0000,FE4_same_domain,same_domain_rate
t_71,0.1157,0.0068,16.9807,0.0000,FE4_same_domain,same_domain_rate
t_72,0.1283,0.0064,20.0238,0.0000,FE4_same_domain,same_domain_rate
t_73,0.1174,0.0063,18.6114,0.0000,FE4_same_domain,same_domain_rate
t_74,0.0999,0.0061,16.3464,0.0000,FE4_same_domain,same_domain_rate
t_75,0.0976,0.0063,15.4241,0.0000,FE4_same_domain,same_domain_rate
t_76,0.0955,0.0061,15.7468,0.0000,FE4_same_domain,same_domain_rate
t_77,0.0750,0.0062,12.1774,0.0000,FE4_same_domain,same_domain_rate
t_78,0.0799,0.0063,12.7853,0.0000,FE4_same_domain,same_domain_rate
t_79,0.0678,0.0063,10.8343,0.0000,FE4_same_domain,same_domain_rate
t_80,0.0812,0.0062,13.1651,0.0000,FE4_same_domain,same_domain_rate
t_81,0.1087,0.0061,17.7074,0.0000,FE4_same_domain,same_domain_rate
t_82,0.0980,0.0061,16.1826,0.0000,FE4_same_domain,same_domain_rate
t_83,0.1112,0.0066,16.8629,0.0000,FE4_same_domain,same_domain_rate
t_84,0.1270,0.0066,19.2382,0.0000,FE4_same_domain,same_domain_rate
t_85,0.1357,0.0062,21.8512,0.0000,FE4_same_domain,same_domain_rate
t_86,0.1317,0.0065,20.2804,0.0000,FE4_same_domain,same_domain_rate
t_87,0.0989,0.0064,15.4472,0.0000,FE4_same_domain,same_domain_rate
t_88,0.0898,0.0062,14.3674,0.0000,FE4_same_domain,same_domain_rate
t_89,0.0771,0.0062,12.3537,0.0000,FE4_same_domain,same_domain_rate
t_90,0.0869,0.0061,14.2270,0.0000,FE4_same_domain,same_domain_rate
t_91,0.0770,0.0058,13.2610,0.0000,FE4_same_domain,same_domain_rate
t_92,0.0943,0.0060,15.6257,0.0000,FE4_same_domain,same_domain_rate
t_93,0.0960,0.0065,14.7707,0.0000,FE4_same_domain,same_domain_rate
t_94,0.1134,0.0065,17.4624,0.0000,FE4_same_domain,same_domain_rate
t_95,0.1121,0.0075,14.9089,0.0000,FE4_same_domain,same_domain_rate
t_96,-0.0885,0.0140,-6.3140,0.0000,FE4_same_domain,same_domain_rate
t_97,-0.0904,0.0127,-7.1115,0.0000,FE4_same_domain,same_domain_rate
t_98,-0.1077,0.0122,-8.8290,0.0000,FE4_same_domain,same_domain_rate
t_99,-0.0951,0.0130,-7.3305,0.0000,FE4_same_domain,same_domain_rate
t_100,-0.1341,0.0128,-10.4652,0.0000,FE4_same_domain,same_domain_rate
t_101,-0.0835,0.0126,-6.6210,0.0000,FE4_same_domain,same_domain_rate
t_102,-0.0990,0.0120,-8.2718,0.0000,FE4_same_domain,same_domain_rate
t_103,-0.0992,0.0126,-7.8861,0.0000,FE4_same_domain,same_domain_rate
t_104,-0.0707,0.0123,-5.7445,0.0000,FE4_same_domain,same_domain_rate
t_105,-0.0924,0.0132,-7.0159,0.0000,FE4_same_domain,same_domain_rate
t_106,-0.0689,0.0133,-5.1622,0.0000,FE4_same_domain,same_domain_rate
t_107,0.1482,0.0325,4.5665,0.0000,FE4_same_domain,same_domain_rate
x_z,0.0163,0.0009,18.4932,0.0000,FE_phys,repeat_rate
resp_l1_z,0.0010,0.0008,1.3154,0.1884,FE_phys,repeat_rate
inter,-0.0009,0.0006,-1.5111,0.1308,FE_phys,repeat_rate
t_2,0.0584,0.0054,10.7741,0.0000,FE_phys,repeat_rate
t_3,0.0905,0.0055,16.3480,0.0000,FE_phys,repeat_rate
t_4,0.1154,0.0059,19.5924,0.0000,FE_phys,repeat_rate
t_5,0.1494,0.0055,27.1435,0.0000,FE_phys,repeat_rate
t_6,0.1684,0.0058,29.1381,0.0000,FE_phys,repeat_rate
t_7,0.1902,0.0054,34.9155,0.0000,FE_phys,repeat_rate
t_8,0.2150,0.0057,37.6821,0.0000,FE_phys,repeat_rate
t_9,0.2392,0.0057,41.6874,0.0000,FE_phys,repeat_rate
t_10,0.2478,0.0062,40.0514,0.0000,FE_phys,repeat_rate
t_11,0.2545,0.0063,40.2313,0.0000,FE_phys,repeat_rate
t_12,0.2635,0.0062,42.2020,0.0000,FE_phys,repeat_rate
t_13,0.2547,0.0060,42.1270,0.0000,FE_phys,repeat_rate
t_14,0.2582,0.0056,45.9750,0.0000,FE_phys,repeat_rate
t_15,0.2423,0.0061,39.6142,0.0000,FE_phys,repeat_rate
t_16,0.2354,0.0059,40.1721,0.0000,FE_phys,repeat_rate
t_17,0.2390,0.0058,41.3932,0.0000,FE_phys,repeat_rate
t_18,0.2374,0.0057,41.9498,0.0000,FE_phys,repeat_rate
t_19,0.2362,0.0058,40.6369,0.0000,FE_phys,repeat_rate
t_20,0.2268,0.0061,37.1282,0.0000,FE_phys,repeat_rate
t_21,0.2158,0.0061,35.3659,0.0000,FE_phys,repeat_rate
t_22,0.2158,0.0064,33.6823,0.0000,FE_phys,repeat_rate
t_23,0.2162,0.0068,31.8689,0.0000,FE_phys,repeat_rate
t_24,0.2254,0.0060,37.3641,0.0000,FE_phys,repeat_rate
t_25,0.2057,0.0063,32.5346,0.0000,FE_phys,repeat_rate
t_26,0.1832,0.0062,29.4464,0.0000,FE_phys,repeat_rate
t_27,0.1759,0.0058,30.0818,0.0000,FE_phys,repeat_rate
t_28,0.1799,0.0061,29.6356,0.0000,FE_phys,repeat_rate
t_29,0.1731,0.0059,29.1638,0.0000,FE_phys,repeat_rate
t_30,0.1861,0.0058,32.2272,0.0000,FE_phys,repeat_rate
t_31,0.1711,0.0058,29.4610,0.0000,FE_phys,repeat_rate
t_32,0.1920,0.0059,32.5834,0.0000,FE_phys,repeat_rate
t_33,0.1854,0.0061,30.6000,0.0000,FE_phys,repeat_rate
t_34,0.1994,0.0063,31.7928,0.0000,FE_phys,repeat_rate
t_35,0.2183,0.0067,32.6967,0.0000,FE_phys,repeat_rate
t_36,0.2578,0.0061,42.0043,0.0000,FE_phys,repeat_rate
t_37,0.2625,0.0057,45.9412,0.0000,FE_phys,repeat_rate
t_38,0.2490,0.0057,43.9257,0.0000,FE_phys,repeat_rate
t_39,0.2251,0.0056,39.9050,0.0000,FE_phys,repeat_rate
t_40,0.2128,0.0057,37.5128,0.0000,FE_phys,repeat_rate
t_41,0.2034,0.0059,34.6616,0.0000,FE_phys,repeat_rate
t_42,0.2057,0.0058,35.3323,0.0000,FE_phys,repeat_rate
t_43,0.2018,0.0057,35.5120,0.0000,FE_phys,repeat_rate
t_44,0.2053,0.0060,34.1303,0.0000,FE_phys,repeat_rate
t_45,0.2058,0.0061,33.8099,0.0000,FE_phys,repeat_rate
t_46,0.2046,0.0064,31.8023,0.0000,FE_phys,repeat_rate
t_47,0.2195,0.0066,33.3288,0.0000,FE_phys,repeat_rate
t_48,0.2206,0.0063,35.0865,0.0000,FE_phys,repeat_rate
t_49,0.2229,0.0067,33.1927,0.0000,FE_phys,repeat_rate
t_50,0.2100,0.0061,34.1673,0.0000,FE_phys,repeat_rate
t_51,0.1982,0.0062,31.8091,0.0000,FE_phys,repeat_rate
t_52,0.1998,0.0059,34.1130,0.0000,FE_phys,repeat_rate
t_53,0.1871,0.0060,31.4057,0.0000,FE_phys,repeat_rate
t_54,0.1777,0.0060,29.6049,0.0000,FE_phys,repeat_rate
t_55,0.1824,0.0059,30.9431,0.0000,FE_phys,repeat_rate
t_56,0.1849,0.0059,31.2792,0.0000,FE_phys,repeat_rate
t_57,0.1820,0.0062,29.1573,0.0000,FE_phys,repeat_rate
t_58,0.1930,0.0063,30.8472,0.0000,FE_phys,repeat_rate
t_59,0.2043,0.0064,32.1135,0.0000,FE_phys,repeat_rate
t_60,0.2002,0.0064,31.2336,0.0000,FE_phys,repeat_rate
t_61,0.2047,0.0062,32.7659,0.0000,FE_phys,repeat_rate
t_62,0.1896,0.0060,31.6164,0.0000,FE_phys,repeat_rate
t_63,0.1837,0.0060,30.8146,0.0000,FE_phys,repeat_rate
t_64,0.1769,0.0058,30.4923,0.0000,FE_phys,repeat_rate
t_65,0.1772,0.0057,30.9959,0.0000,FE_phys,repeat_rate
t_66,0.1928,0.0059,32.4243,0.0000,FE_phys,repeat_rate
t_67,0.1844,0.0062,29.8226,0.0000,FE_phys,repeat_rate
t_68,0.1752,0.0059,29.5521,0.0000,FE_phys,repeat_rate
t_69,0.1906,0.0058,33.0415,0.0000,FE_phys,repeat_rate
t_70,0.1838,0.0063,28.9872,0.0000,FE_phys,repeat_rate
t_71,0.1897,0.0067,28.4791,0.0000,FE_phys,repeat_rate
t_72,0.2001,0.0065,31.0214,0.0000,FE_phys,repeat_rate
t_73,0.1907,0.0063,30.2741,0.0000,FE_phys,repeat_rate
t_74,0.1769,0.0061,28.7831,0.0000,FE_phys,repeat_rate
t_75,0.1761,0.0063,27.9069,0.0000,FE_phys,repeat_rate
t_76,0.1742,0.0061,28.6170,0.0000,FE_phys,repeat_rate
t_77,0.1599,0.0064,25.1313,0.0000,FE_phys,repeat_rate
t_78,0.1731,0.0062,28.0357,0.0000,FE_phys,repeat_rate
t_79,0.1598,0.0061,26.1572,0.0000,FE_phys,repeat_rate
t_80,0.1632,0.0061,26.8910,0.0000,FE_phys,repeat_rate
t_81,0.1900,0.0058,32.7481,0.0000,FE_phys,repeat_rate
t_82,0.1806,0.0059,30.7190,0.0000,FE_phys,repeat_rate
t_83,0.1830,0.0063,29.1058,0.0000,FE_phys,repeat_rate
t_84,0.1912,0.0065,29.4913,0.0000,FE_phys,repeat_rate
t_85,0.1982,0.0060,33.0372,0.0000,FE_phys,repeat_rate
t_86,0.1947,0.0064,30.2397,0.0000,FE_phys,repeat_rate
t_87,0.1693,0.0064,26.4875,0.0000,FE_phys,repeat_rate
t_88,0.1719,0.0062,27.8223,0.0000,FE_phys,repeat_rate
t_89,0.1620,0.0061,26.4954,0.0000,FE_phys,repeat_rate
t_90,0.1668,0.0058,28.5609,0.0000,FE_phys,repeat_rate
t_91,0.1610,0.0059,27.4417,0.0000,FE_phys,repeat_rate
t_92,0.1754,0.0060,29.0789,0.0000,FE_phys,repeat_rate
t_93,0.1714,0.0063,27.0469,0.0000,FE_phys,repeat_rate
t_94,0.1824,0.0064,28.6935,0.0000,FE_phys,repeat_rate
t_95,0.1775,0.0074,24.1162,0.0000,FE_phys,repeat_rate
t_96,-0.0207,0.0142,-1.4555,0.1455,FE_phys,repeat_rate
t_97,-0.0269,0.0140,-1.9162,0.0553,FE_phys,repeat_rate
t_98,-0.0441,0.0135,-3.2695,0.0011,FE_phys,repeat_rate
t_99,-0.0467,0.0135,-3.4510,0.0006,FE_phys,repeat_rate
t_100,-0.1007,0.0136,-7.4258,0.0000,FE_phys,repeat_rate
t_101,-0.0563,0.0130,-4.3220,0.0000,FE_phys,repeat_rate
t_102,-0.0799,0.0125,-6.4164,0.0000,FE_phys,repeat_rate
t_103,-0.0915,0.0128,-7.1757,0.0000,FE_phys,repeat_rate
t_104,-0.0697,0.0125,-5.5641,0.0000,FE_phys,repeat_rate
t_105,-0.1078,0.0134,-8.0198,0.0000,FE_phys,repeat_rate
t_106,-0.0937,0.0135,-6.9484,0.0000,FE_phys,repeat_rate
t_107,0.1172,0.0328,3.5701,0.0004,FE_phys,repeat_rate
x_z,0.0112,0.0007,15.7252,0.0000,FE_infra,repeat_rate
resp_l1_z,0.0020,0.0008,2.5602,0.0105,FE_infra,repeat_rate
inter,-0.0032,0.0005,-6.3782,0.0000,FE_infra,repeat_rate
t_2,0.0516,0.0054,9.4844,0.0000,FE_infra,repeat_rate
t_3,0.0833,0.0057,14.6961,0.0000,FE_infra,repeat_rate
t_4,0.1134,0.0059,19.2182,0.0000,FE_infra,repeat_rate
t_5,0.1480,0.0055,26.7823,0.0000,FE_infra,repeat_rate
t_6,0.1661,0.0058,28.8227,0.0000,FE_infra,repeat_rate
t_7,0.1877,0.0055,34.3385,0.0000,FE_infra,repeat_rate
t_8,0.2120,0.0058,36.7771,0.0000,FE_infra,repeat_rate
t_9,0.2353,0.0058,40.8604,0.0000,FE_infra,repeat_rate
t_10,0.2416,0.0062,38.8962,0.0000,FE_infra,repeat_rate
t_11,0.2502,0.0063,39.6893,0.0000,FE_infra,repeat_rate
t_12,0.2594,0.0062,41.8821,0.0000,FE_infra,repeat_rate
t_13,0.2528,0.0061,41.7565,0.0000,FE_infra,repeat_rate
t_14,0.2569,0.0056,45.7304,0.0000,FE_infra,repeat_rate
t_15,0.2419,0.0061,39.4696,0.0000,FE_infra,repeat_rate
t_16,0.2363,0.0058,40.4510,0.0000,FE_infra,repeat_rate
t_17,0.2402,0.0058,41.5308,0.0000,FE_infra,repeat_rate
t_18,0.2389,0.0057,41.9376,0.0000,FE_infra,repeat_rate
t_19,0.2398,0.0059,40.9538,0.0000,FE_infra,repeat_rate
t_20,0.2305,0.0061,37.5063,0.0000,FE_infra,repeat_rate
t_21,0.2152,0.0061,35.1390,0.0000,FE_infra,repeat_rate
t_22,0.2157,0.0064,33.7576,0.0000,FE_infra,repeat_rate
t_23,0.2148,0.0068,31.7906,0.0000,FE_infra,repeat_rate
t_24,0.2235,0.0060,37.3377,0.0000,FE_infra,repeat_rate
t_25,0.2047,0.0063,32.3668,0.0000,FE_infra,repeat_rate
t_26,0.1810,0.0062,29.1256,0.0000,FE_infra,repeat_rate
t_27,0.1716,0.0058,29.4267,0.0000,FE_infra,repeat_rate
t_28,0.1747,0.0061,28.7064,0.0000,FE_infra,repeat_rate
t_29,0.1710,0.0060,28.6686,0.0000,FE_infra,repeat_rate
t_30,0.1844,0.0058,31.5670,0.0000,FE_infra,repeat_rate
t_31,0.1739,0.0059,29.3859,0.0000,FE_infra,repeat_rate
t_32,0.1971,0.0060,33.0842,0.0000,FE_infra,repeat_rate
t_33,0.1888,0.0061,30.9515,0.0000,FE_infra,repeat_rate
t_34,0.1983,0.0063,31.5385,0.0000,FE_infra,repeat_rate
t_35,0.2135,0.0067,31.9584,0.0000,FE_infra,repeat_rate
t_36,0.2532,0.0061,41.1841,0.0000,FE_infra,repeat_rate
t_37,0.2496,0.0057,43.9279,0.0000,FE_infra,repeat_rate
t_38,0.2356,0.0057,41.5428,0.0000,FE_infra,repeat_rate
t_39,0.2095,0.0058,36.3494,0.0000,FE_infra,repeat_rate
t_40,0.2040,0.0058,35.3562,0.0000,FE_infra,repeat_rate
t_41,0.1955,0.0059,33.2579,0.0000,FE_infra,repeat_rate
t_42,0.1962,0.0059,33.3409,0.0000,FE_infra,repeat_rate
t_43,0.1931,0.0058,33.4664,0.0000,FE_infra,repeat_rate
t_44,0.1977,0.0060,32.7283,0.0000,FE_infra,repeat_rate
t_45,0.1985,0.0061,32.3602,0.0000,FE_infra,repeat_rate
t_46,0.2004,0.0065,31.0447,0.0000,FE_infra,repeat_rate
t_47,0.2144,0.0065,32.9223,0.0000,FE_infra,repeat_rate
t_48,0.2167,0.0062,34.7636,0.0000,FE_infra,repeat_rate
t_49,0.2153,0.0067,32.1689,0.0000,FE_infra,repeat_rate
t_50,0.2008,0.0061,33.1042,0.0000,FE_infra,repeat_rate
t_51,0.1914,0.0062,30.8088,0.0000,FE_infra,repeat_rate
t_52,0.1943,0.0058,33.3102,0.0000,FE_infra,repeat_rate
t_53,0.1815,0.0060,30.4815,0.0000,FE_infra,repeat_rate
t_54,0.1720,0.0060,28.6103,0.0000,FE_infra,repeat_rate
t_55,0.1777,0.0059,29.9705,0.0000,FE_infra,repeat_rate
t_56,0.1814,0.0059,30.5185,0.0000,FE_infra,repeat_rate
t_57,0.1759,0.0062,28.1379,0.0000,FE_infra,repeat_rate
t_58,0.1880,0.0062,30.1568,0.0000,FE_infra,repeat_rate
t_59,0.1971,0.0063,31.2785,0.0000,FE_infra,repeat_rate
t_60,0.1937,0.0064,30.3336,0.0000,FE_infra,repeat_rate
t_61,0.1984,0.0062,31.9604,0.0000,FE_infra,repeat_rate
t_62,0.1817,0.0060,30.3253,0.0000,FE_infra,repeat_rate
t_63,0.1767,0.0060,29.6011,0.0000,FE_infra,repeat_rate
t_64,0.1728,0.0058,29.7716,0.0000,FE_infra,repeat_rate
t_65,0.1721,0.0058,29.9192,0.0000,FE_infra,repeat_rate
t_66,0.1876,0.0060,31.3474,0.0000,FE_infra,repeat_rate
t_67,0.1783,0.0062,28.6750,0.0000,FE_infra,repeat_rate
t_68,0.1699,0.0060,28.3941,0.0000,FE_infra,repeat_rate
t_69,0.1870,0.0058,32.1760,0.0000,FE_infra,repeat_rate
t_70,0.1797,0.0064,28.2000,0.0000,FE_infra,repeat_rate
t_71,0.1857,0.0066,28.0358,0.0000,FE_infra,repeat_rate
t_72,0.1947,0.0064,30.4041,0.0000,FE_infra,repeat_rate
t_73,0.1831,0.0063,29.1524,0.0000,FE_infra,repeat_rate
t_74,0.1706,0.0061,27.8962,0.0000,FE_infra,repeat_rate
t_75,0.1693,0.0063,26.8931,0.0000,FE_infra,repeat_rate
t_76,0.1687,0.0061,27.7659,0.0000,FE_infra,repeat_rate
t_77,0.1541,0.0064,24.0872,0.0000,FE_infra,repeat_rate
t_78,0.1655,0.0062,26.6363,0.0000,FE_infra,repeat_rate
t_79,0.1551,0.0061,25.4370,0.0000,FE_infra,repeat_rate
t_80,0.1619,0.0061,26.6142,0.0000,FE_infra,repeat_rate
t_81,0.1904,0.0058,32.7645,0.0000,FE_infra,repeat_rate
t_82,0.1780,0.0059,30.3801,0.0000,FE_infra,repeat_rate
t_83,0.1809,0.0063,28.7138,0.0000,FE_infra,repeat_rate
t_84,0.1875,0.0065,29.0552,0.0000,FE_infra,repeat_rate
t_85,0.1927,0.0060,32.3692,0.0000,FE_infra,repeat_rate
t_86,0.1856,0.0064,29.0693,0.0000,FE_infra,repeat_rate
t_87,0.1614,0.0064,25.3052,0.0000,FE_infra,repeat_rate
t_88,0.1673,0.0062,27.1275,0.0000,FE_infra,repeat_rate
t_89,0.1597,0.0061,26.1256,0.0000,FE_infra,repeat_rate
t_90,0.1624,0.0059,27.7103,0.0000,FE_infra,repeat_rate
t_91,0.1581,0.0059,26.7804,0.0000,FE_infra,repeat_rate
t_92,0.1736,0.0061,28.6949,0.0000,FE_infra,repeat_rate
t_93,0.1681,0.0064,26.4635,0.0000,FE_infra,repeat_rate
t_94,0.1782,0.0064,28.0312,0.0000,FE_infra,repeat_rate
t_95,0.1733,0.0073,23.6042,0.0000,FE_infra,repeat_rate
t_96,-0.0267,0.0142,-1.8824,0.0598,FE_infra,repeat_rate
t_97,-0.0322,0.0141,-2.2892,0.0221,FE_infra,repeat_rate
t_98,-0.0486,0.0135,-3.5921,0.0003,FE_infra,repeat_rate
t_99,-0.0507,0.0136,-3.7141,0.0002,FE_infra,repeat_rate
t_100,-0.1032,0.0136,-7.6011,0.0000,FE_infra,repeat_rate
t_101,-0.0603,0.0130,-4.6257,0.0000,FE_infra,repeat_rate
t_102,-0.0834,0.0125,-6.6868,0.0000,FE_infra,repeat_rate
t_103,-0.0951,0.0128,-7.4269,0.0000,FE_infra,repeat_rate
t_104,-0.0722,0.0125,-5.7649,0.0000,FE_infra,repeat_rate
t_105,-0.1114,0.0135,-8.2590,0.0000,FE_infra,repeat_rate
t_106,-0.0973,0.0135,-7.2191,0.0000,FE_infra,repeat_rate
t_107,0.1173,0.0329,3.5646,0.0004,FE_infra,repeat_rate
x_z,0.0072,0.0008,9.3767,0.0000,FE_san,repeat_rate
resp_l1_z,0.0048,0.0008,6.2910,0.0000,FE_san,repeat_rate
inter,0.0015,0.0005,2.7630,0.0057,FE_san,repeat_rate
t_2,0.0573,0.0054,10.6271,0.0000,FE_san,repeat_rate
t_3,0.0944,0.0056,16.8772,0.0000,FE_san,repeat_rate
t_4,0.1172,0.0059,19.7964,0.0000,FE_san,repeat_rate
t_5,0.1509,0.0055,27.2851,0.0000,FE_san,repeat_rate
t_6,0.1721,0.0058,29.7784,0.0000,FE_san,repeat_rate
t_7,0.1950,0.0055,35.5415,0.0000,FE_san,repeat_rate
t_8,0.2174,0.0058,37.7054,0.0000,FE_san,repeat_rate
t_9,0.2393,0.0058,41.5533,0.0000,FE_san,repeat_rate
t_10,0.2464,0.0062,39.7627,0.0000,FE_san,repeat_rate
t_11,0.2520,0.0063,39.9350,0.0000,FE_san,repeat_rate
t_12,0.2594,0.0062,41.6817,0.0000,FE_san,repeat_rate
t_13,0.2529,0.0061,41.6890,0.0000,FE_san,repeat_rate
t_14,0.2565,0.0056,45.4938,0.0000,FE_san,repeat_rate
t_15,0.2416,0.0061,39.3242,0.0000,FE_san,repeat_rate
t_16,0.2340,0.0059,39.8838,0.0000,FE_san,repeat_rate
t_17,0.2388,0.0058,40.9520,0.0000,FE_san,repeat_rate
t_18,0.2385,0.0057,41.6665,0.0000,FE_san,repeat_rate
t_19,0.2423,0.0058,41.5157,0.0000,FE_san,repeat_rate
t_20,0.2325,0.0062,37.7522,0.0000,FE_san,repeat_rate
t_21,0.2146,0.0061,34.9757,0.0000,FE_san,repeat_rate
t_22,0.2153,0.0064,33.5846,0.0000,FE_san,repeat_rate
t_23,0.2121,0.0068,31.3469,0.0000,FE_san,repeat_rate
t_24,0.2205,0.0060,36.6799,0.0000,FE_san,repeat_rate
t_25,0.2029,0.0063,32.0020,0.0000,FE_san,repeat_rate
t_26,0.1812,0.0062,29.1609,0.0000,FE_san,repeat_rate
t_27,0.1729,0.0058,29.5703,0.0000,FE_san,repeat_rate
t_28,0.1767,0.0061,29.0763,0.0000,FE_san,repeat_rate
t_29,0.1716,0.0060,28.7317,0.0000,FE_san,repeat_rate
t_30,0.1858,0.0059,31.7079,0.0000,FE_san,repeat_rate
t_31,0.1752,0.0059,29.5706,0.0000,FE_san,repeat_rate
t_32,0.1969,0.0060,33.0799,0.0000,FE_san,repeat_rate
t_33,0.1899,0.0061,31.0798,0.0000,FE_san,repeat_rate
t_34,0.1991,0.0063,31.6655,0.0000,FE_san,repeat_rate
t_35,0.2135,0.0067,32.0222,0.0000,FE_san,repeat_rate
t_36,0.2524,0.0061,41.0372,0.0000,FE_san,repeat_rate
t_37,0.2571,0.0057,45.0372,0.0000,FE_san,repeat_rate
t_38,0.2455,0.0057,43.1612,0.0000,FE_san,repeat_rate
t_39,0.2242,0.0057,39.3679,0.0000,FE_san,repeat_rate
t_40,0.2124,0.0057,37.0501,0.0000,FE_san,repeat_rate
t_41,0.2021,0.0059,34.2853,0.0000,FE_san,repeat_rate
t_42,0.2034,0.0059,34.5965,0.0000,FE_san,repeat_rate
t_43,0.2009,0.0058,34.7763,0.0000,FE_san,repeat_rate
t_44,0.2021,0.0060,33.4368,0.0000,FE_san,repeat_rate
t_45,0.2024,0.0061,33.1169,0.0000,FE_san,repeat_rate
t_46,0.2029,0.0065,31.3222,0.0000,FE_san,repeat_rate
t_47,0.2141,0.0065,32.7372,0.0000,FE_san,repeat_rate
t_48,0.2149,0.0063,34.2923,0.0000,FE_san,repeat_rate
t_49,0.2153,0.0067,32.1230,0.0000,FE_san,repeat_rate
t_50,0.1999,0.0061,32.8516,0.0000,FE_san,repeat_rate
t_51,0.1904,0.0062,30.5164,0.0000,FE_san,repeat_rate
t_52,0.1937,0.0059,33.0006,0.0000,FE_san,repeat_rate
t_53,0.1814,0.0060,30.2820,0.0000,FE_san,repeat_rate
t_54,0.1732,0.0061,28.5414,0.0000,FE_san,repeat_rate
t_55,0.1800,0.0060,30.2426,0.0000,FE_san,repeat_rate
t_56,0.1830,0.0060,30.7500,0.0000,FE_san,repeat_rate
t_57,0.1787,0.0063,28.4918,0.0000,FE_san,repeat_rate
t_58,0.1902,0.0063,30.3890,0.0000,FE_san,repeat_rate
t_59,0.1990,0.0063,31.4189,0.0000,FE_san,repeat_rate
t_60,0.1940,0.0064,30.3806,0.0000,FE_san,repeat_rate
t_61,0.1978,0.0062,31.7809,0.0000,FE_san,repeat_rate
t_62,0.1825,0.0060,30.3444,0.0000,FE_san,repeat_rate
t_63,0.1769,0.0060,29.5587,0.0000,FE_san,repeat_rate
t_64,0.1725,0.0058,29.5791,0.0000,FE_san,repeat_rate
t_65,0.1711,0.0058,29.4813,0.0000,FE_san,repeat_rate
t_66,0.1872,0.0060,31.0784,0.0000,FE_san,repeat_rate
t_67,0.1809,0.0063,28.8958,0.0000,FE_san,repeat_rate
t_68,0.1738,0.0060,28.8964,0.0000,FE_san,repeat_rate
t_69,0.1874,0.0058,32.1989,0.0000,FE_san,repeat_rate
t_70,0.1801,0.0064,28.2079,0.0000,FE_san,repeat_rate
t_71,0.1850,0.0067,27.7343,0.0000,FE_san,repeat_rate
t_72,0.1931,0.0064,29.9517,0.0000,FE_san,repeat_rate
t_73,0.1847,0.0063,29.2860,0.0000,FE_san,repeat_rate
t_74,0.1704,0.0061,27.7636,0.0000,FE_san,repeat_rate
t_75,0.1692,0.0063,26.8480,0.0000,FE_san,repeat_rate
t_76,0.1685,0.0061,27.6861,0.0000,FE_san,repeat_rate
t_77,0.1543,0.0064,24.1268,0.0000,FE_san,repeat_rate
t_78,0.1669,0.0062,26.7665,0.0000,FE_san,repeat_rate
t_79,0.1535,0.0061,25.0699,0.0000,FE_san,repeat_rate
t_80,0.1591,0.0061,26.0011,0.0000,FE_san,repeat_rate
t_81,0.1871,0.0058,32.1287,0.0000,FE_san,repeat_rate
t_82,0.1777,0.0059,30.1535,0.0000,FE_san,repeat_rate
t_83,0.1788,0.0063,28.2389,0.0000,FE_san,repeat_rate
t_84,0.1849,0.0065,28.6008,0.0000,FE_san,repeat_rate
t_85,0.1926,0.0060,32.1163,0.0000,FE_san,repeat_rate
t_86,0.1893,0.0064,29.4741,0.0000,FE_san,repeat_rate
t_87,0.1641,0.0064,25.6694,0.0000,FE_san,repeat_rate
t_88,0.1652,0.0062,26.7145,0.0000,FE_san,repeat_rate
t_89,0.1574,0.0061,25.6835,0.0000,FE_san,repeat_rate
t_90,0.1626,0.0059,27.5619,0.0000,FE_san,repeat_rate
t_91,0.1591,0.0059,26.9029,0.0000,FE_san,repeat_rate
t_92,0.1735,0.0061,28.5590,0.0000,FE_san,repeat_rate
t_93,0.1685,0.0064,26.4151,0.0000,FE_san,repeat_rate
t_94,0.1800,0.0064,28.2123,0.0000,FE_san,repeat_rate
t_95,0.1731,0.0074,23.4790,0.0000,FE_san,repeat_rate
t_96,-0.0269,0.0142,-1.8962,0.0579,FE_san,repeat_rate
t_97,-0.0351,0.0141,-2.4941,0.0126,FE_san,repeat_rate
t_98,-0.0525,0.0135,-3.8752,0.0001,FE_san,repeat_rate
t_99,-0.0550,0.0136,-4.0345,0.0001,FE_san,repeat_rate
t_100,-0.1080,0.0136,-7.9725,0.0000,FE_san,repeat_rate
t_101,-0.0647,0.0130,-4.9602,0.0000,FE_san,repeat_rate
t_102,-0.0883,0.0125,-7.0789,0.0000,FE_san,repeat_rate
t_103,-0.1000,0.0128,-7.7933,0.0000,FE_san,repeat_rate
t_104,-0.0773,0.0125,-6.1745,0.0000,FE_san,repeat_rate
t_105,-0.1162,0.0135,-8.6282,0.0000,FE_san,repeat_rate
t_106,-0.1020,0.0135,-7.5640,0.0000,FE_san,repeat_rate
t_107,0.1101,0.0329,3.3498,0.0008,FE_san,repeat_rate
x_z,0.0160,0.0008,18.9311,0.0000,FE_lag1,repeat_rate
t_2,0.0581,0.0054,10.7269,0.0000,FE_lag1,repeat_rate
t_3,0.0904,0.0056,16.2515,0.0000,FE_lag1,repeat_rate
t_4,0.1151,0.0059,19.5387,0.0000,FE_lag1,repeat_rate
t_5,0.1489,0.0055,27.0485,0.0000,FE_lag1,repeat_rate
t_6,0.1680,0.0058,29.2056,0.0000,FE_lag1,repeat_rate
t_7,0.1897,0.0055,34.7436,0.0000,FE_lag1,repeat_rate
t_8,0.2146,0.0057,37.4563,0.0000,FE_lag1,repeat_rate
t_9,0.2388,0.0057,41.6565,0.0000,FE_lag1,repeat_rate
t_10,0.2475,0.0062,40.0255,0.0000,FE_lag1,repeat_rate
t_11,0.2542,0.0063,40.2046,0.0000,FE_lag1,repeat_rate
t_12,0.2632,0.0063,42.1081,0.0000,FE_lag1,repeat_rate
t_13,0.2546,0.0061,42.0612,0.0000,FE_lag1,repeat_rate
t_14,0.2583,0.0056,45.9257,0.0000,FE_lag1,repeat_rate
t_15,0.2422,0.0061,39.5254,0.0000,FE_lag1,repeat_rate
t_16,0.2353,0.0059,40.0848,0.0000,FE_lag1,repeat_rate
t_17,0.2386,0.0058,41.1088,0.0000,FE_lag1,repeat_rate
t_18,0.2369,0.0057,41.8214,0.0000,FE_lag1,repeat_rate
t_19,0.2357,0.0058,40.8356,0.0000,FE_lag1,repeat_rate
t_20,0.2264,0.0060,37.4956,0.0000,FE_lag1,repeat_rate
t_21,0.2152,0.0061,35.1794,0.0000,FE_lag1,repeat_rate
t_22,0.2153,0.0064,33.8216,0.0000,FE_lag1,repeat_rate
t_23,0.2157,0.0068,31.7552,0.0000,FE_lag1,repeat_rate
t_24,0.2251,0.0060,37.2894,0.0000,FE_lag1,repeat_rate
t_25,0.2060,0.0063,32.5686,0.0000,FE_lag1,repeat_rate
t_26,0.1833,0.0062,29.4777,0.0000,FE_lag1,repeat_rate
t_27,0.1759,0.0059,30.0419,0.0000,FE_lag1,repeat_rate
t_28,0.1796,0.0061,29.5737,0.0000,FE_lag1,repeat_rate
t_29,0.1726,0.0059,29.1263,0.0000,FE_lag1,repeat_rate
t_30,0.1856,0.0058,32.1691,0.0000,FE_lag1,repeat_rate
t_31,0.1707,0.0058,29.5273,0.0000,FE_lag1,repeat_rate
t_32,0.1916,0.0059,32.5668,0.0000,FE_lag1,repeat_rate
t_33,0.1850,0.0061,30.4474,0.0000,FE_lag1,repeat_rate
t_34,0.1991,0.0063,31.7522,0.0000,FE_lag1,repeat_rate
t_35,0.2182,0.0067,32.6953,0.0000,FE_lag1,repeat_rate
t_36,0.2580,0.0061,42.0286,0.0000,FE_lag1,repeat_rate
t_37,0.2623,0.0057,45.8870,0.0000,FE_lag1,repeat_rate
t_38,0.2480,0.0056,44.3584,0.0000,FE_lag1,repeat_rate
t_39,0.2241,0.0056,40.2670,0.0000,FE_lag1,repeat_rate
t_40,0.2118,0.0057,37.4098,0.0000,FE_lag1,repeat_rate
t_41,0.2025,0.0059,34.5592,0.0000,FE_lag1,repeat_rate
t_42,0.2051,0.0058,35.2404,0.0000,FE_lag1,repeat_rate
t_43,0.2013,0.0057,35.3454,0.0000,FE_lag1,repeat_rate
t_44,0.2050,0.0060,34.0450,0.0000,FE_lag1,repeat_rate
t_45,0.2055,0.0061,33.7233,0.0000,FE_lag1,repeat_rate
t_46,0.2044,0.0064,31.8112,0.0000,FE_lag1,repeat_rate
t_47,0.2195,0.0066,33.3578,0.0000,FE_lag1,repeat_rate
t_48,0.2206,0.0063,35.1326,0.0000,FE_lag1,repeat_rate
t_49,0.2231,0.0067,33.2334,0.0000,FE_lag1,repeat_rate
t_50,0.2108,0.0061,34.5755,0.0000,FE_lag1,repeat_rate
t_51,0.1985,0.0062,31.9250,0.0000,FE_lag1,repeat_rate
t_52,0.2000,0.0059,34.1796,0.0000,FE_lag1,repeat_rate
t_53,0.1870,0.0060,31.3744,0.0000,FE_lag1,repeat_rate
t_54,0.1775,0.0060,29.5383,0.0000,FE_lag1,repeat_rate
t_55,0.1820,0.0059,30.8840,0.0000,FE_lag1,repeat_rate
t_56,0.1845,0.0059,31.2063,0.0000,FE_lag1,repeat_rate
t_57,0.1818,0.0063,29.0773,0.0000,FE_lag1,repeat_rate
t_58,0.1928,0.0063,30.8320,0.0000,FE_lag1,repeat_rate
t_59,0.2042,0.0064,32.1195,0.0000,FE_lag1,repeat_rate
t_60,0.1999,0.0064,31.2076,0.0000,FE_lag1,repeat_rate
t_61,0.2048,0.0062,32.8701,0.0000,FE_lag1,repeat_rate
t_62,0.1898,0.0060,31.7132,0.0000,FE_lag1,repeat_rate
t_63,0.1839,0.0060,30.8451,0.0000,FE_lag1,repeat_rate
t_64,0.1766,0.0058,30.4869,0.0000,FE_lag1,repeat_rate
t_65,0.1768,0.0057,30.9352,0.0000,FE_lag1,repeat_rate
t_66,0.1923,0.0059,32.3835,0.0000,FE_lag1,repeat_rate
t_67,0.1838,0.0062,29.7812,0.0000,FE_lag1,repeat_rate
t_68,0.1748,0.0059,29.5157,0.0000,FE_lag1,repeat_rate
t_69,0.1902,0.0058,32.9628,0.0000,FE_lag1,repeat_rate
t_70,0.1836,0.0063,28.9677,0.0000,FE_lag1,repeat_rate
t_71,0.1896,0.0067,28.4861,0.0000,FE_lag1,repeat_rate
t_72,0.2003,0.0064,31.0846,0.0000,FE_lag1,repeat_rate
t_73,0.1907,0.0063,30.2917,0.0000,FE_lag1,repeat_rate
t_74,0.1770,0.0061,28.8083,0.0000,FE_lag1,repeat_rate
t_75,0.1761,0.0063,27.9605,0.0000,FE_lag1,repeat_rate
t_76,0.1741,0.0061,28.6077,0.0000,FE_lag1,repeat_rate
t_77,0.1596,0.0064,25.1150,0.0000,FE_lag1,repeat_rate
t_78,0.1730,0.0062,28.0245,0.0000,FE_lag1,repeat_rate
t_79,0.1598,0.0061,26.1373,0.0000,FE_lag1,repeat_rate
t_80,0.1633,0.0061,26.9227,0.0000,FE_lag1,repeat_rate
t_81,0.1900,0.0058,32.7988,0.0000,FE_lag1,repeat_rate
t_82,0.1807,0.0059,30.8299,0.0000,FE_lag1,repeat_rate
t_83,0.1831,0.0063,29.1583,0.0000,FE_lag1,repeat_rate
t_84,0.1913,0.0065,29.6182,0.0000,FE_lag1,repeat_rate
t_85,0.1984,0.0060,33.2253,0.0000,FE_lag1,repeat_rate
t_86,0.1949,0.0064,30.3858,0.0000,FE_lag1,repeat_rate
t_87,0.1692,0.0064,26.4837,0.0000,FE_lag1,repeat_rate
t_88,0.1723,0.0062,27.8813,0.0000,FE_lag1,repeat_rate
t_89,0.1618,0.0061,26.4776,0.0000,FE_lag1,repeat_rate
t_90,0.1665,0.0058,28.5287,0.0000,FE_lag1,repeat_rate
t_91,0.1604,0.0059,27.4024,0.0000,FE_lag1,repeat_rate
t_92,0.1750,0.0060,29.0261,0.0000,FE_lag1,repeat_rate
t_93,0.1711,0.0063,26.9599,0.0000,FE_lag1,repeat_rate
t_94,0.1820,0.0064,28.5875,0.0000,FE_lag1,repeat_rate
t_95,0.1769,0.0074,23.9801,0.0000,FE_lag1,repeat_rate
t_96,-0.0229,0.0141,-1.6225,0.1047,FE_lag1,repeat_rate
t_97,-0.0287,0.0140,-2.0510,0.0403,FE_lag1,repeat_rate
t_98,-0.0458,0.0134,-3.4136,0.0006,FE_lag1,repeat_rate
t_99,-0.0484,0.0135,-3.5784,0.0003,FE_lag1,repeat_rate
t_100,-0.1020,0.0135,-7.5311,0.0000,FE_lag1,repeat_rate
t_101,-0.0576,0.0130,-4.4359,0.0000,FE_lag1,repeat_rate
t_102,-0.0812,0.0125,-6.5195,0.0000,FE_lag1,repeat_rate
t_103,-0.0927,0.0127,-7.2888,0.0000,FE_lag1,repeat_rate
t_104,-0.0710,0.0125,-5.6815,0.0000,FE_lag1,repeat_rate
t_105,-0.1087,0.0134,-8.0881,0.0000,FE_lag1,repeat_rate
t_106,-0.0946,0.0135,-7.0172,0.0000,FE_lag1,repeat_rate
t_107,0.1138,0.0327,3.4778,0.0005,FE_lag1,repeat_rate
x_z,0.0150,0.0008,18.0393,0.0000,FE_lag3,repeat_rate
t_4,0.0242,0.0054,4.4819,0.0000,FE_lag3,repeat_rate
t_5,0.0506,0.0051,9.8380,0.0000,FE_lag3,repeat_rate
t_6,0.0761,0.0053,14.3465,0.0000,FE_lag3,repeat_rate
t_7,0.0993,0.0050,19.7543,0.0000,FE_lag3,repeat_rate
t_8,0.1198,0.0053,22.7553,0.0000,FE_lag3,repeat_rate
t_9,0.1396,0.0052,26.9068,0.0000,FE_lag3,repeat_rate
t_10,0.1476,0.0058,25.2757,0.0000,FE_lag3,repeat_rate
t_11,0.1568,0.0059,26.6257,0.0000,FE_lag3,repeat_rate
t_12,0.1645,0.0058,28.3477,0.0000,FE_lag3,repeat_rate
t_13,0.1588,0.0057,27.7735,0.0000,FE_lag3,repeat_rate
t_14,0.1666,0.0054,30.9709,0.0000,FE_lag3,repeat_rate
t_15,0.1514,0.0056,27.0814,0.0000,FE_lag3,repeat_rate
t_16,0.1409,0.0056,25.2712,0.0000,FE_lag3,repeat_rate
t_17,0.1435,0.0055,26.2246,0.0000,FE_lag3,repeat_rate
t_18,0.1436,0.0052,27.5321,0.0000,FE_lag3,repeat_rate
t_19,0.1457,0.0054,26.8108,0.0000,FE_lag3,repeat_rate
t_20,0.1363,0.0058,23.5610,0.0000,FE_lag3,repeat_rate
t_21,0.1143,0.0057,19.9052,0.0000,FE_lag3,repeat_rate
t_22,0.1136,0.0060,18.8892,0.0000,FE_lag3,repeat_rate
t_23,0.1167,0.0065,18.0573,0.0000,FE_lag3,repeat_rate
t_24,0.1251,0.0057,21.9455,0.0000,FE_lag3,repeat_rate
t_25,0.1139,0.0060,19.1053,0.0000,FE_lag3,repeat_rate
t_26,0.0908,0.0058,15.5714,0.0000,FE_lag3,repeat_rate
t_27,0.0811,0.0055,14.7926,0.0000,FE_lag3,repeat_rate
t_28,0.0860,0.0057,15.1259,0.0000,FE_lag3,repeat_rate
t_29,0.0802,0.0059,13.6634,0.0000,FE_lag3,repeat_rate
t_30,0.0928,0.0056,16.7167,0.0000,FE_lag3,repeat_rate
t_31,0.0801,0.0057,14.0609,0.0000,FE_lag3,repeat_rate
t_32,0.1019,0.0057,17.8170,0.0000,FE_lag3,repeat_rate
t_33,0.0898,0.0057,15.6661,0.0000,FE_lag3,repeat_rate
t_34,0.0985,0.0058,16.9201,0.0000,FE_lag3,repeat_rate
t_35,0.1143,0.0064,17.9414,0.0000,FE_lag3,repeat_rate
t_36,0.1569,0.0057,27.4811,0.0000,FE_lag3,repeat_rate
t_37,0.1644,0.0058,28.3445,0.0000,FE_lag3,repeat_rate
t_38,0.1520,0.0054,28.0420,0.0000,FE_lag3,repeat_rate
t_39,0.1340,0.0055,24.3940,0.0000,FE_lag3,repeat_rate
t_40,0.1220,0.0055,22.2160,0.0000,FE_lag3,repeat_rate
t_41,0.1076,0.0056,19.3823,0.0000,FE_lag3,repeat_rate
t_42,0.1091,0.0054,20.1262,0.0000,FE_lag3,repeat_rate
t_43,0.1091,0.0055,19.7269,0.0000,FE_lag3,repeat_rate
t_44,0.1095,0.0055,19.8934,0.0000,FE_lag3,repeat_rate
t_45,0.1078,0.0057,18.8564,0.0000,FE_lag3,repeat_rate
t_46,0.1110,0.0062,17.8136,0.0000,FE_lag3,repeat_rate
t_47,0.1211,0.0062,19.4516,0.0000,FE_lag3,repeat_rate
t_48,0.1205,0.0061,19.6387,0.0000,FE_lag3,repeat_rate
t_49,0.1263,0.0065,19.4612,0.0000,FE_lag3,repeat_rate
t_50,0.1114,0.0060,18.6603,0.0000,FE_lag3,repeat_rate
t_51,0.1067,0.0060,17.8252,0.0000,FE_lag3,repeat_rate
t_52,0.1103,0.0056,19.6555,0.0000,FE_lag3,repeat_rate
t_53,0.0917,0.0057,16.1764,0.0000,FE_lag3,repeat_rate
t_54,0.0836,0.0056,14.8797,0.0000,FE_lag3,repeat_rate
t_55,0.0907,0.0056,16.3341,0.0000,FE_lag3,repeat_rate
t_56,0.0919,0.0055,16.6278,0.0000,FE_lag3,repeat_rate
t_57,0.0844,0.0058,14.4290,0.0000,FE_lag3,repeat_rate
t_58,0.0947,0.0060,15.7383,0.0000,FE_lag3,repeat_rate
t_59,0.1059,0.0060,17.5849,0.0000,FE_lag3,repeat_rate
t_60,0.1007,0.0060,16.6937,0.0000,FE_lag3,repeat_rate
t_61,0.1082,0.0059,18.2573,0.0000,FE_lag3,repeat_rate
t_62,0.0948,0.0057,16.6844,0.0000,FE_lag3,repeat_rate
t_63,0.0909,0.0057,15.9932,0.0000,FE_lag3,repeat_rate
t_64,0.0842,0.0058,14.4847,0.0000,FE_lag3,repeat_rate
t_65,0.0826,0.0056,14.6865,0.0000,FE_lag3,repeat_rate
t_66,0.0985,0.0055,17.7488,0.0000,FE_lag3,repeat_rate
t_67,0.0903,0.0057,15.7395,0.0000,FE_lag3,repeat_rate
t_68,0.0830,0.0057,14.5771,0.0000,FE_lag3,repeat_rate
t_69,0.0950,0.0055,17.1500,0.0000,FE_lag3,repeat_rate
t_70,0.0855,0.0061,13.9950,0.0000,FE_lag3,repeat_rate
t_71,0.0926,0.0062,14.8437,0.0000,FE_lag3,repeat_rate
t_72,0.0997,0.0062,16.0866,0.0000,FE_lag3,repeat_rate
t_73,0.0942,0.0063,15.0595,0.0000,FE_lag3,repeat_rate
t_74,0.0835,0.0059,14.0589,0.0000,FE_lag3,repeat_rate
t_75,0.0807,0.0059,13.7059,0.0000,FE_lag3,repeat_rate
t_76,0.0796,0.0056,14.1778,0.0000,FE_lag3,repeat_rate
t_77,0.0667,0.0061,10.9789,0.0000,FE_lag3,repeat_rate
t_78,0.0784,0.0060,13.0222,0.0000,FE_lag3,repeat_rate
t_79,0.0651,0.0058,11.3135,0.0000,FE_lag3,repeat_rate
t_80,0.0728,0.0059,12.2870,0.0000,FE_lag3,repeat_rate
t_81,0.0972,0.0056,17.2070,0.0000,FE_lag3,repeat_rate
t_82,0.0841,0.0059,14.2601,0.0000,FE_lag3,repeat_rate
t_83,0.0862,0.0063,13.6661,0.0000,FE_lag3,repeat_rate
t_84,0.0914,0.0062,14.7318,0.0000,FE_lag3,repeat_rate
t_85,0.1008,0.0058,17.3767,0.0000,FE_lag3,repeat_rate
t_86,0.0997,0.0056,17.6677,0.0000,FE_lag3,repeat_rate
t_87,0.0748,0.0060,12.5333,0.0000,FE_lag3,repeat_rate
t_88,0.0778,0.0060,12.8651,0.0000,FE_lag3,repeat_rate
t_89,0.0691,0.0059,11.6152,0.0000,FE_lag3,repeat_rate
t_90,0.0741,0.0059,12.6247,0.0000,FE_lag3,repeat_rate
t_91,0.0676,0.0056,12.0585,0.0000,FE_lag3,repeat_rate
t_92,0.0823,0.0058,14.2933,0.0000,FE_lag3,repeat_rate
t_93,0.0729,0.0059,12.2982,0.0000,FE_lag3,repeat_rate
t_94,0.0838,0.0060,13.9985,0.0000,FE_lag3,repeat_rate
t_95,0.0773,0.0067,11.5185,0.0000,FE_lag3,repeat_rate
t_96,-0.1282,0.0138,-9.2793,0.0000,FE_lag3,repeat_rate
t_97,-0.1336,0.0138,-9.6655,0.0000,FE_lag3,repeat_rate
t_98,-0.1486,0.0133,-11.2072,0.0000,FE_lag3,repeat_rate
t_99,-0.1483,0.0137,-10.8181,0.0000,FE_lag3,repeat_rate
t_100,-0.2011,0.0134,-15.0156,0.0000,FE_lag3,repeat_rate
t_101,-0.1557,0.0127,-12.2454,0.0000,FE_lag3,repeat_rate
t_102,-0.1785,0.0125,-14.2943,0.0000,FE_lag3,repeat_rate
t_103,-0.1898,0.0125,-15.2165,0.0000,FE_lag3,repeat_rate
t_104,-0.1675,0.0125,-13.3962,0.0000,FE_lag3,repeat_rate
t_105,-0.2052,0.0131,-15.6811,0.0000,FE_lag3,repeat_rate
t_106,-0.1914,0.0135,-14.1616,0.0000,FE_lag3,repeat_rate
t_107,0.0180,0.0327,0.5501,0.5822,FE_lag3,repeat_rate
x_z,0.0131,0.0008,15.4806,0.0000,FE_lag6,repeat_rate
t_7,0.0240,0.0048,5.0456,0.0000,FE_lag6,repeat_rate
t_8,0.0404,0.0053,7.6767,0.0000,FE_lag6,repeat_rate
t_9,0.0635,0.0052,12.1825,0.0000,FE_lag6,repeat_rate
t_10,0.0711,0.0055,12.8679,0.0000,FE_lag6,repeat_rate
t_11,0.0741,0.0059,12.5802,0.0000,FE_lag6,repeat_rate
t_12,0.0812,0.0059,13.8724,0.0000,FE_lag6,repeat_rate
t_13,0.0746,0.0056,13.2220,0.0000,FE_lag6,repeat_rate
t_14,0.0823,0.0052,15.6937,0.0000,FE_lag6,repeat_rate
t_15,0.0701,0.0054,12.9863,0.0000,FE_lag6,repeat_rate
t_16,0.0623,0.0053,11.7978,0.0000,FE_lag6,repeat_rate
t_17,0.0698,0.0052,13.3897,0.0000,FE_lag6,repeat_rate
t_18,0.0661,0.0052,12.5956,0.0000,FE_lag6,repeat_rate
t_19,0.0685,0.0054,12.7682,0.0000,FE_lag6,repeat_rate
t_20,0.0574,0.0056,10.3131,0.0000,FE_lag6,repeat_rate
t_21,0.0419,0.0056,7.4327,0.0000,FE_lag6,repeat_rate
t_22,0.0398,0.0059,6.7655,0.0000,FE_lag6,repeat_rate
t_23,0.0355,0.0061,5.7947,0.0000,FE_lag6,repeat_rate
t_24,0.0413,0.0054,7.7077,0.0000,FE_lag6,repeat_rate
t_25,0.0244,0.0057,4.2649,0.0000,FE_lag6,repeat_rate
t_26,0.0081,0.0057,1.4238,0.1545,FE_lag6,repeat_rate
t_27,0.0005,0.0056,0.0873,0.9305,FE_lag6,repeat_rate
t_28,0.0089,0.0058,1.5484,0.1215,FE_lag6,repeat_rate
t_29,0.0046,0.0057,0.8042,0.4213,FE_lag6,repeat_rate
t_30,0.0144,0.0055,2.6223,0.0087,FE_lag6,repeat_rate
t_31,0.0038,0.0057,0.6612,0.5085,FE_lag6,repeat_rate
t_32,0.0256,0.0055,4.6298,0.0000,FE_lag6,repeat_rate
t_33,0.0162,0.0057,2.8619,0.0042,FE_lag6,repeat_rate
t_34,0.0250,0.0061,4.1322,0.0000,FE_lag6,repeat_rate
t_35,0.0383,0.0063,6.1120,0.0000,FE_lag6,repeat_rate
t_36,0.0745,0.0055,13.6591,0.0000,FE_lag6,repeat_rate
t_37,0.0767,0.0057,13.3625,0.0000,FE_lag6,repeat_rate
t_38,0.0642,0.0053,12.1731,0.0000,FE_lag6,repeat_rate
t_39,0.0479,0.0053,9.0501,0.0000,FE_lag6,repeat_rate
t_40,0.0413,0.0053,7.7690,0.0000,FE_lag6,repeat_rate
t_41,0.0320,0.0052,6.1632,0.0000,FE_lag6,repeat_rate
t_42,0.0355,0.0051,6.9595,0.0000,FE_lag6,repeat_rate
t_43,0.0333,0.0054,6.2172,0.0000,FE_lag6,repeat_rate
t_44,0.0302,0.0054,5.6068,0.0000,FE_lag6,repeat_rate
t_45,0.0300,0.0055,5.4523,0.0000,FE_lag6,repeat_rate
t_46,0.0321,0.0061,5.2971,0.0000,FE_lag6,repeat_rate
t_47,0.0421,0.0059,7.1676,0.0000,FE_lag6,repeat_rate
t_48,0.0410,0.0059,7.0101,0.0000,FE_lag6,repeat_rate
t_49,0.0446,0.0062,7.1964,0.0000,FE_lag6,repeat_rate
t_50,0.0293,0.0057,5.1729,0.0000,FE_lag6,repeat_rate
t_51,0.0214,0.0057,3.7294,0.0002,FE_lag6,repeat_rate
t_52,0.0269,0.0054,4.9709,0.0000,FE_lag6,repeat_rate
t_53,0.0135,0.0056,2.4173,0.0156,FE_lag6,repeat_rate
t_54,0.0074,0.0056,1.3158,0.1882,FE_lag6,repeat_rate
t_55,0.0159,0.0055,2.9071,0.0036,FE_lag6,repeat_rate
t_56,0.0142,0.0054,2.6274,0.0086,FE_lag6,repeat_rate
t_57,0.0084,0.0056,1.4947,0.1350,FE_lag6,repeat_rate
t_58,0.0192,0.0058,3.3254,0.0009,FE_lag6,repeat_rate
t_59,0.0274,0.0060,4.5764,0.0000,FE_lag6,repeat_rate
t_60,0.0191,0.0060,3.1818,0.0015,FE_lag6,repeat_rate
t_61,0.0239,0.0059,4.0599,0.0000,FE_lag6,repeat_rate
t_62,0.0111,0.0057,1.9679,0.0491,FE_lag6,repeat_rate
t_63,0.0080,0.0057,1.3890,0.1648,FE_lag6,repeat_rate
t_64,0.0042,0.0058,0.7303,0.4652,FE_lag6,repeat_rate
t_65,0.0049,0.0053,0.9138,0.3608,FE_lag6,repeat_rate
t_66,0.0228,0.0056,4.0892,0.0000,FE_lag6,repeat_rate
t_67,0.0135,0.0054,2.4829,0.0130,FE_lag6,repeat_rate
t_68,0.0061,0.0056,1.0956,0.2733,FE_lag6,repeat_rate
t_69,0.0166,0.0054,3.0828,0.0021,FE_lag6,repeat_rate
t_70,0.0107,0.0060,1.7697,0.0768,FE_lag6,repeat_rate
t_71,0.0133,0.0063,2.0964,0.0360,FE_lag6,repeat_rate
t_72,0.0206,0.0060,3.4077,0.0007,FE_lag6,repeat_rate
t_73,0.0108,0.0059,1.8349,0.0665,FE_lag6,repeat_rate
t_74,-0.0004,0.0057,-0.0782,0.9377,FE_lag6,repeat_rate
t_75,-0.0014,0.0058,-0.2473,0.8047,FE_lag6,repeat_rate
t_76,-0.0016,0.0055,-0.2917,0.7705,FE_lag6,repeat_rate
t_77,-0.0113,0.0060,-1.8910,0.0586,FE_lag6,repeat_rate
t_78,-0.0001,0.0057,-0.0215,0.9829,FE_lag6,repeat_rate
t_79,-0.0122,0.0058,-2.1153,0.0344,FE_lag6,repeat_rate
t_80,-0.0048,0.0058,-0.8259,0.4088,FE_lag6,repeat_rate
t_81,0.0195,0.0054,3.6241,0.0003,FE_lag6,repeat_rate
t_82,0.0092,0.0057,1.6181,0.1056,FE_lag6,repeat_rate
t_83,0.0102,0.0062,1.6589,0.0971,FE_lag6,repeat_rate
t_84,0.0136,0.0061,2.2321,0.0256,FE_lag6,repeat_rate
t_85,0.0182,0.0055,3.3059,0.0009,FE_lag6,repeat_rate
t_86,0.0157,0.0055,2.8386,0.0045,FE_lag6,repeat_rate
t_87,-0.0079,0.0060,-1.3122,0.1895,FE_lag6,repeat_rate
t_88,-0.0044,0.0058,-0.7586,0.4481,FE_lag6,repeat_rate
t_89,-0.0090,0.0057,-1.5924,0.1113,FE_lag6,repeat_rate
t_90,-0.0049,0.0055,-0.8934,0.3717,FE_lag6,repeat_rate
t_91,-0.0076,0.0054,-1.4099,0.1586,FE_lag6,repeat_rate
t_92,0.0052,0.0057,0.9170,0.3591,FE_lag6,repeat_rate
t_93,-0.0018,0.0059,-0.3070,0.7588,FE_lag6,repeat_rate
t_94,0.0064,0.0060,1.0785,0.2808,FE_lag6,repeat_rate
t_95,-0.0022,0.0065,-0.3413,0.7328,FE_lag6,repeat_rate
t_96,-0.2104,0.0141,-14.9634,0.0000,FE_lag6,repeat_rate
t_97,-0.2184,0.0136,-16.0304,0.0000,FE_lag6,repeat_rate
t_98,-0.2348,0.0130,-18.0612,0.0000,FE_lag6,repeat_rate
t_99,-0.2379,0.0138,-17.2349,0.0000,FE_lag6,repeat_rate
t_100,-0.2891,0.0135,-21.3742,0.0000,FE_lag6,repeat_rate
t_101,-0.2435,0.0126,-19.2834,0.0000,FE_lag6,repeat_rate
t_102,-0.2647,0.0123,-21.4842,0.0000,FE_lag6,repeat_rate
t_103,-0.2754,0.0123,-22.3330,0.0000,FE_lag6,repeat_rate
t_104,-0.2516,0.0125,-20.0900,0.0000,FE_lag6,repeat_rate
t_105,-0.2881,0.0131,-21.9812,0.0000,FE_lag6,repeat_rate
t_106,-0.2739,0.0134,-20.4753,0.0000,FE_lag6,repeat_rate
t_107,-0.0652,0.0327,-1.9932,0.0462,FE_lag6,repeat_rate
x_z,0.0089,0.0008,11.4266,0.0000,FE_lead1_placebo,repeat_rate
t_1,0.1380,0.0058,23.9734,0.0000,FE_lead1_placebo,repeat_rate
t_2,0.1946,0.0054,36.2864,0.0000,FE_lead1_placebo,repeat_rate
t_3,0.2345,0.0058,40.5485,0.0000,FE_lead1_placebo,repeat_rate
t_4,0.2550,0.0059,43.2980,0.0000,FE_lead1_placebo,repeat_rate
t_5,0.2886,0.0054,52.9907,0.0000,FE_lead1_placebo,repeat_rate
t_6,0.3105,0.0056,55.4894,0.0000,FE_lead1_placebo,repeat_rate
t_7,0.3343,0.0055,60.3051,0.0000,FE_lead1_placebo,repeat_rate
t_8,0.3606,0.0058,62.1126,0.0000,FE_lead1_placebo,repeat_rate
t_9,0.3816,0.0057,66.9017,0.0000,FE_lead1_placebo,repeat_rate
t_10,0.3902,0.0061,64.4596,0.0000,FE_lead1_placebo,repeat_rate
t_11,0.3945,0.0061,64.1617,0.0000,FE_lead1_placebo,repeat_rate
t_12,0.4002,0.0064,62.7319,0.0000,FE_lead1_placebo,repeat_rate
t_13,0.3922,0.0061,64.4910,0.0000,FE_lead1_placebo,repeat_rate
t_14,0.3988,0.0057,69.3633,0.0000,FE_lead1_placebo,repeat_rate
t_15,0.3839,0.0059,65.4388,0.0000,FE_lead1_placebo,repeat_rate
t_16,0.3751,0.0058,64.3124,0.0000,FE_lead1_placebo,repeat_rate
t_17,0.3774,0.0057,65.7100,0.0000,FE_lead1_placebo,repeat_rate
t_18,0.3760,0.0058,64.5024,0.0000,FE_lead1_placebo,repeat_rate
t_19,0.3827,0.0058,66.4205,0.0000,FE_lead1_placebo,repeat_rate
t_20,0.3742,0.0058,64.5464,0.0000,FE_lead1_placebo,repeat_rate
t_21,0.3580,0.0060,60.1482,0.0000,FE_lead1_placebo,repeat_rate
t_22,0.3588,0.0064,56.2252,0.0000,FE_lead1_placebo,repeat_rate
t_23,0.3528,0.0066,53.7001,0.0000,FE_lead1_placebo,repeat_rate
t_24,0.3619,0.0060,60.1257,0.0000,FE_lead1_placebo,repeat_rate
t_25,0.3457,0.0062,55.5875,0.0000,FE_lead1_placebo,repeat_rate
t_26,0.3221,0.0062,52.0788,0.0000,FE_lead1_placebo,repeat_rate
t_27,0.3146,0.0059,53.0010,0.0000,FE_lead1_placebo,repeat_rate
t_28,0.3185,0.0061,52.3477,0.0000,FE_lead1_placebo,repeat_rate
t_29,0.3112,0.0059,52.3092,0.0000,FE_lead1_placebo,repeat_rate
t_30,0.3240,0.0056,57.4097,0.0000,FE_lead1_placebo,repeat_rate
t_31,0.3141,0.0059,52.8896,0.0000,FE_lead1_placebo,repeat_rate
t_32,0.3388,0.0059,57.0011,0.0000,FE_lead1_placebo,repeat_rate
t_33,0.3330,0.0062,53.6521,0.0000,FE_lead1_placebo,repeat_rate
t_34,0.3436,0.0066,52.4014,0.0000,FE_lead1_placebo,repeat_rate
t_35,0.3584,0.0067,53.5511,0.0000,FE_lead1_placebo,repeat_rate
t_36,0.3969,0.0060,66.1700,0.0000,FE_lead1_placebo,repeat_rate
t_37,0.3968,0.0058,67.9256,0.0000,FE_lead1_placebo,repeat_rate
t_38,0.3833,0.0055,70.2884,0.0000,FE_lead1_placebo,repeat_rate
t_39,0.3641,0.0057,63.8773,0.0000,FE_lead1_placebo,repeat_rate
t_40,0.3531,0.0057,62.3457,0.0000,FE_lead1_placebo,repeat_rate
t_41,0.3412,0.0056,60.5012,0.0000,FE_lead1_placebo,repeat_rate
t_42,0.3454,0.0055,62.8450,0.0000,FE_lead1_placebo,repeat_rate
t_43,0.3444,0.0056,61.0355,0.0000,FE_lead1_placebo,repeat_rate
t_44,0.3446,0.0060,57.5992,0.0000,FE_lead1_placebo,repeat_rate
t_45,0.3477,0.0060,58.3269,0.0000,FE_lead1_placebo,repeat_rate
t_46,0.3485,0.0063,55.2654,0.0000,FE_lead1_placebo,repeat_rate
t_47,0.3591,0.0065,55.4855,0.0000,FE_lead1_placebo,repeat_rate
t_48,0.3616,0.0063,57.3081,0.0000,FE_lead1_placebo,repeat_rate
t_49,0.3593,0.0066,54.6824,0.0000,FE_lead1_placebo,repeat_rate
t_50,0.3445,0.0059,57.9835,0.0000,FE_lead1_placebo,repeat_rate
t_51,0.3383,0.0063,53.3236,0.0000,FE_lead1_placebo,repeat_rate
t_52,0.3391,0.0059,57.6015,0.0000,FE_lead1_placebo,repeat_rate
t_53,0.3244,0.0060,54.1382,0.0000,FE_lead1_placebo,repeat_rate
t_54,0.3165,0.0059,53.2354,0.0000,FE_lead1_placebo,repeat_rate
t_55,0.3247,0.0059,55.0659,0.0000,FE_lead1_placebo,repeat_rate
t_56,0.3278,0.0058,56.4896,0.0000,FE_lead1_placebo,repeat_rate
t_57,0.3242,0.0062,52.4554,0.0000,FE_lead1_placebo,repeat_rate
t_58,0.3352,0.0061,55.3118,0.0000,FE_lead1_placebo,repeat_rate
t_59,0.3439,0.0061,56.1918,0.0000,FE_lead1_placebo,repeat_rate
t_60,0.3379,0.0064,53.1426,0.0000,FE_lead1_placebo,repeat_rate
t_61,0.3419,0.0062,54.8035,0.0000,FE_lead1_placebo,repeat_rate
t_62,0.3265,0.0057,56.9748,0.0000,FE_lead1_placebo,repeat_rate
t_63,0.3227,0.0059,54.6685,0.0000,FE_lead1_placebo,repeat_rate
t_64,0.3160,0.0062,51.0334,0.0000,FE_lead1_placebo,repeat_rate
t_65,0.3158,0.0059,53.1635,0.0000,FE_lead1_placebo,repeat_rate
t_66,0.3315,0.0058,56.8677,0.0000,FE_lead1_placebo,repeat_rate
t_67,0.3246,0.0058,56.0651,0.0000,FE_lead1_placebo,repeat_rate
t_68,0.3187,0.0060,53.3795,0.0000,FE_lead1_placebo,repeat_rate
t_69,0.3319,0.0058,57.1039,0.0000,FE_lead1_placebo,repeat_rate
t_70,0.3273,0.0064,50.7422,0.0000,FE_lead1_placebo,repeat_rate
t_71,0.3301,0.0066,50.3222,0.0000,FE_lead1_placebo,repeat_rate
t_72,0.3374,0.0061,55.2623,0.0000,FE_lead1_placebo,repeat_rate
t_73,0.3305,0.0061,54.0375,0.0000,FE_lead1_placebo,repeat_rate
t_74,0.3154,0.0063,50.1162,0.0000,FE_lead1_placebo,repeat_rate
t_75,0.3138,0.0062,50.6078,0.0000,FE_lead1_placebo,repeat_rate
t_76,0.3127,0.0060,51.9399,0.0000,FE_lead1_placebo,repeat_rate
t_77,0.2995,0.0061,48.9166,0.0000,FE_lead1_placebo,repeat_rate
t_78,0.3102,0.0059,52.4531,0.0000,FE_lead1_placebo,repeat_rate
t_79,0.2989,0.0059,50.6026,0.0000,FE_lead1_placebo,repeat_rate
t_80,0.3063,0.0063,48.9491,0.0000,FE_lead1_placebo,repeat_rate
t_81,0.3330,0.0058,57.3455,0.0000,FE_lead1_placebo,repeat_rate
t_82,0.3254,0.0060,54.2750,0.0000,FE_lead1_placebo,repeat_rate
t_83,0.3253,0.0066,49.5784,0.0000,FE_lead1_placebo,repeat_rate
t_84,0.3303,0.0064,51.3494,0.0000,FE_lead1_placebo,repeat_rate
t_85,0.3371,0.0060,56.1168,0.0000,FE_lead1_placebo,repeat_rate
t_86,0.3329,0.0061,54.6448,0.0000,FE_lead1_placebo,repeat_rate
t_87,0.3075,0.0063,49.0950,0.0000,FE_lead1_placebo,repeat_rate
t_88,0.3111,0.0063,49.4175,0.0000,FE_lead1_placebo,repeat_rate
t_89,0.3018,0.0061,49.3543,0.0000,FE_lead1_placebo,repeat_rate
t_90,0.3062,0.0058,52.9920,0.0000,FE_lead1_placebo,repeat_rate
t_91,0.3039,0.0060,50.5919,0.0000,FE_lead1_placebo,repeat_rate
t_92,0.3186,0.0059,54.4211,0.0000,FE_lead1_placebo,repeat_rate
t_93,0.3139,0.0061,51.6135,0.0000,FE_lead1_placebo,repeat_rate
t_94,0.3272,0.0062,52.8070,0.0000,FE_lead1_placebo,repeat_rate
t_95,0.3173,0.0074,43.1350,0.0000,FE_lead1_placebo,repeat_rate
t_96,0.1124,0.0139,8.0988,0.0000,FE_lead1_placebo,repeat_rate
t_97,0.1045,0.0140,7.4615,0.0000,FE_lead1_placebo,repeat_rate
t_98,0.0846,0.0136,6.2270,0.0000,FE_lead1_placebo,repeat_rate
t_99,0.0836,0.0136,6.1388,0.0000,FE_lead1_placebo,repeat_rate
t_100,0.0322,0.0138,2.3354,0.0195,FE_lead1_placebo,repeat_rate
t_101,0.0669,0.0130,5.1603,0.0000,FE_lead1_placebo,repeat_rate
t_102,0.0493,0.0125,3.9299,0.0001,FE_lead1_placebo,repeat_rate
t_103,0.0355,0.0128,2.7734,0.0055,FE_lead1_placebo,repeat_rate
t_104,0.0592,0.0136,4.3405,0.0000,FE_lead1_placebo,repeat_rate
t_105,0.0232,0.0150,1.5455,0.1222,FE_lead1_placebo,repeat_rate
t_106,0.0405,0.0246,1.6424,0.1005,FE_lead1_placebo,repeat_rate
disorder_l1_z,0.0157,0.0008,18.9706,0.0000,FE4_resp_days,repeat_rate
resp_days_z,0.0042,0.0008,5.4236,0.0000,FE4_resp_days,repeat_rate
inter_days,-0.0000,0.0007,-0.0259,0.9793,FE4_resp_days,repeat_rate
t_2,0.0575,0.0054,10.6069,0.0000,FE4_resp_days,repeat_rate
t_3,0.0901,0.0056,16.1855,0.0000,FE4_resp_days,repeat_rate
t_4,0.1152,0.0059,19.6140,0.0000,FE4_resp_days,repeat_rate
t_5,0.1496,0.0055,27.2715,0.0000,FE4_resp_days,repeat_rate
t_6,0.1688,0.0057,29.4629,0.0000,FE4_resp_days,repeat_rate
t_7,0.1900,0.0055,34.8475,0.0000,FE4_resp_days,repeat_rate
t_8,0.2145,0.0057,37.4471,0.0000,FE4_resp_days,repeat_rate
t_9,0.2378,0.0057,41.3618,0.0000,FE4_resp_days,repeat_rate
t_10,0.2460,0.0062,39.6400,0.0000,FE4_resp_days,repeat_rate
t_11,0.2527,0.0063,39.7954,0.0000,FE4_resp_days,repeat_rate
t_12,0.2619,0.0063,41.8003,0.0000,FE4_resp_days,repeat_rate
t_13,0.2523,0.0061,41.4624,0.0000,FE4_resp_days,repeat_rate
t_14,0.2571,0.0056,45.6231,0.0000,FE4_resp_days,repeat_rate
t_15,0.2409,0.0062,39.0750,0.0000,FE4_resp_days,repeat_rate
t_16,0.2347,0.0059,39.8995,0.0000,FE4_resp_days,repeat_rate
t_17,0.2388,0.0058,41.1922,0.0000,FE4_resp_days,repeat_rate
t_18,0.2388,0.0056,42.2936,0.0000,FE4_resp_days,repeat_rate
t_19,0.2377,0.0058,41.2577,0.0000,FE4_resp_days,repeat_rate
t_20,0.2276,0.0060,37.7760,0.0000,FE4_resp_days,repeat_rate
t_21,0.2156,0.0061,35.2766,0.0000,FE4_resp_days,repeat_rate
t_22,0.2153,0.0064,33.8118,0.0000,FE4_resp_days,repeat_rate
t_23,0.2148,0.0068,31.6134,0.0000,FE4_resp_days,repeat_rate
t_24,0.2226,0.0061,36.6289,0.0000,FE4_resp_days,repeat_rate
t_25,0.2035,0.0064,31.9119,0.0000,FE4_resp_days,repeat_rate
t_26,0.1815,0.0062,29.0953,0.0000,FE4_resp_days,repeat_rate
t_27,0.1750,0.0059,29.7939,0.0000,FE4_resp_days,repeat_rate
t_28,0.1789,0.0061,29.3652,0.0000,FE4_resp_days,repeat_rate
t_29,0.1725,0.0059,29.1275,0.0000,FE4_resp_days,repeat_rate
t_30,0.1872,0.0058,32.4577,0.0000,FE4_resp_days,repeat_rate
t_31,0.1718,0.0058,29.5089,0.0000,FE4_resp_days,repeat_rate
t_32,0.1925,0.0059,32.7710,0.0000,FE4_resp_days,repeat_rate
t_33,0.1837,0.0061,30.0970,0.0000,FE4_resp_days,repeat_rate
t_34,0.1974,0.0063,31.3406,0.0000,FE4_resp_days,repeat_rate
t_35,0.2152,0.0067,31.8861,0.0000,FE4_resp_days,repeat_rate
t_36,0.2573,0.0061,41.9007,0.0000,FE4_resp_days,repeat_rate
t_37,0.2635,0.0057,46.2700,0.0000,FE4_resp_days,repeat_rate
t_38,0.2496,0.0056,44.7114,0.0000,FE4_resp_days,repeat_rate
t_39,0.2257,0.0056,40.5975,0.0000,FE4_resp_days,repeat_rate
t_40,0.2137,0.0056,37.8340,0.0000,FE4_resp_days,repeat_rate
t_41,0.2032,0.0059,34.7217,0.0000,FE4_resp_days,repeat_rate
t_42,0.2063,0.0058,35.5158,0.0000,FE4_resp_days,repeat_rate
t_43,0.2016,0.0057,35.4167,0.0000,FE4_resp_days,repeat_rate
t_44,0.2050,0.0060,34.0472,0.0000,FE4_resp_days,repeat_rate
t_45,0.2042,0.0061,33.4343,0.0000,FE4_resp_days,repeat_rate
t_46,0.2024,0.0065,31.3397,0.0000,FE4_resp_days,repeat_rate
t_47,0.2172,0.0066,32.9047,0.0000,FE4_resp_days,repeat_rate
t_48,0.2177,0.0063,34.5752,0.0000,FE4_resp_days,repeat_rate
t_49,0.2190,0.0068,32.2512,0.0000,FE4_resp_days,repeat_rate
t_50,0.2074,0.0062,33.6390,0.0000,FE4_resp_days,repeat_rate
t_51,0.1959,0.0062,31.4253,0.0000,FE4_resp_days,repeat_rate
t_52,0.1983,0.0059,33.7221,0.0000,FE4_resp_days,repeat_rate
t_53,0.1861,0.0060,31.1810,0.0000,FE4_resp_days,repeat_rate
t_54,0.1777,0.0060,29.6252,0.0000,FE4_resp_days,repeat_rate
t_55,0.1819,0.0059,30.8467,0.0000,FE4_resp_days,repeat_rate
t_56,0.1842,0.0059,31.1294,0.0000,FE4_resp_days,repeat_rate
t_57,0.1810,0.0063,28.8954,0.0000,FE4_resp_days,repeat_rate
t_58,0.1913,0.0063,30.4378,0.0000,FE4_resp_days,repeat_rate
t_59,0.2032,0.0064,31.9542,0.0000,FE4_resp_days,repeat_rate
t_60,0.1972,0.0064,30.7238,0.0000,FE4_resp_days,repeat_rate
t_61,0.2018,0.0063,32.1099,0.0000,FE4_resp_days,repeat_rate
t_62,0.1872,0.0060,31.0068,0.0000,FE4_resp_days,repeat_rate
t_63,0.1827,0.0060,30.6404,0.0000,FE4_resp_days,repeat_rate
t_64,0.1762,0.0058,30.4514,0.0000,FE4_resp_days,repeat_rate
t_65,0.1769,0.0057,30.9800,0.0000,FE4_resp_days,repeat_rate
t_66,0.1936,0.0059,32.6197,0.0000,FE4_resp_days,repeat_rate
t_67,0.1843,0.0062,29.9404,0.0000,FE4_resp_days,repeat_rate
t_68,0.1753,0.0059,29.6411,0.0000,FE4_resp_days,repeat_rate
t_69,0.1896,0.0058,32.8469,0.0000,FE4_resp_days,repeat_rate
t_70,0.1823,0.0063,28.8007,0.0000,FE4_resp_days,repeat_rate
t_71,0.1874,0.0067,28.0572,0.0000,FE4_resp_days,repeat_rate
t_72,0.1986,0.0064,30.7996,0.0000,FE4_resp_days,repeat_rate
t_73,0.1886,0.0063,29.9733,0.0000,FE4_resp_days,repeat_rate
t_74,0.1750,0.0061,28.5157,0.0000,FE4_resp_days,repeat_rate
t_75,0.1751,0.0063,27.8191,0.0000,FE4_resp_days,repeat_rate
t_76,0.1742,0.0061,28.6775,0.0000,FE4_resp_days,repeat_rate
t_77,0.1594,0.0063,25.1275,0.0000,FE4_resp_days,repeat_rate
t_78,0.1723,0.0062,27.9090,0.0000,FE4_resp_days,repeat_rate
t_79,0.1580,0.0061,25.7859,0.0000,FE4_resp_days,repeat_rate
t_80,0.1612,0.0061,26.5600,0.0000,FE4_resp_days,repeat_rate
t_81,0.1877,0.0058,32.3188,0.0000,FE4_resp_days,repeat_rate
t_82,0.1790,0.0059,30.5611,0.0000,FE4_resp_days,repeat_rate
t_83,0.1809,0.0063,28.7942,0.0000,FE4_resp_days,repeat_rate
t_84,0.1883,0.0065,29.0367,0.0000,FE4_resp_days,repeat_rate
t_85,0.1958,0.0060,32.6989,0.0000,FE4_resp_days,repeat_rate
t_86,0.1932,0.0064,30.0499,0.0000,FE4_resp_days,repeat_rate
t_87,0.1663,0.0064,26.0486,0.0000,FE4_resp_days,repeat_rate
t_88,0.1709,0.0062,27.7561,0.0000,FE4_resp_days,repeat_rate
t_89,0.1613,0.0061,26.3923,0.0000,FE4_resp_days,repeat_rate
t_90,0.1654,0.0058,28.4556,0.0000,FE4_resp_days,repeat_rate
t_91,0.1586,0.0059,27.0907,0.0000,FE4_resp_days,repeat_rate
t_92,0.1727,0.0060,28.5713,0.0000,FE4_resp_days,repeat_rate
t_93,0.1681,0.0064,26.2725,0.0000,FE4_resp_days,repeat_rate
t_94,0.1780,0.0064,27.9042,0.0000,FE4_resp_days,repeat_rate
t_95,0.1729,0.0074,23.3481,0.0000,FE4_resp_days,repeat_rate
t_96,-0.0204,0.0141,-1.4486,0.1474,FE4_resp_days,repeat_rate
t_97,-0.0256,0.0140,-1.8303,0.0672,FE4_resp_days,repeat_rate
t_98,-0.0434,0.0134,-3.2402,0.0012,FE4_resp_days,repeat_rate
t_99,-0.0467,0.0135,-3.4667,0.0005,FE4_resp_days,repeat_rate
t_100,-0.1006,0.0135,-7.4431,0.0000,FE4_resp_days,repeat_rate
t_101,-0.0559,0.0130,-4.3090,0.0000,FE4_resp_days,repeat_rate
t_102,-0.0795,0.0125,-6.3737,0.0000,FE4_resp_days,repeat_rate
t_103,-0.0906,0.0127,-7.1314,0.0000,FE4_resp_days,repeat_rate
t_104,-0.0702,0.0124,-5.6459,0.0000,FE4_resp_days,repeat_rate
t_105,-0.1081,0.0134,-8.0680,0.0000,FE4_resp_days,repeat_rate
t_106,-0.0955,0.0134,-7.1015,0.0000,FE4_resp_days,repeat_rate
t_107,0.1093,0.0326,3.3498,0.0008,FE4_resp_days,repeat_rate
