feature,mean_abs_shap
concentration,0.0696
t,0.0466
complaint_rate_l1,0.0385
repeat_rate_l1,0.0334
share_infrastructure,0.0265
disorder_rate_l3,0.0186
complaint_rate_l12,0.0132
share_physical_disorder,0.0120
share_unresolved,0.0119
log_pop,0.0103
log_density,0.0098
disorder_rate_l1,0.0093
median_days_close,0.0080
share_closed_3d,0.0077
disadvantage,0.0072
share_sanitation,0.0042
pct_ba_plus,0.0039
pct_unemployed,0.0036
disorder_rate_l12,0.0032
resp_l1,0.0026
pct_vacant,0.0021
resp_l3,0.0020
stability,0.0019
pct_owner_occ,0.0010
